object	size_bytes	modified_ts	note
JPMI://Basic data partition (2)/Untitled [HFS+]/Untitled/		2022-03-31 16:48:20	
JPMI://Basic data partition (2)/Untitled [HFS+]/Untitled/    HFS+ Private Data/			
JPMI://Basic data partition (2)/Untitled [HFS+]/Untitled/.DS_Store	8196	2022-03-31 17:47:13	
JPMI://Basic data partition (2)/Untitled [HFS+]/Untitled/.DocumentRevisions-V100/		2024-11-21 23:40:21	
JPMI://Basic data partition (2)/Untitled [HFS+]/Untitled/.DocumentRevisions-V100/.cs/		2020-10-15 21:19:22	
JPMI://Basic data partition (2)/Untitled [HFS+]/Untitled/.DocumentRevisions-V100/.cs/ChunkStoreDatabase	98304	2024-11-21 23:40:21	
JPMI://Basic data partition (2)/Untitled [HFS+]/Untitled/.DocumentRevisions-V100/.cs/ChunkStoreDatabase-wal	20632	2024-11-21 23:40:21	
JPMI://Basic data partition (2)/Untitled [HFS+]/Untitled/.DocumentRevisions-V100/LibraryStatus	234	2024-11-21 23:40:21	
JPMI://Basic data partition (2)/Untitled [HFS+]/Untitled/.DocumentRevisions-V100/db-V1/		2020-10-15 21:19:22	
JPMI://Basic data partition (2)/Untitled [HFS+]/Untitled/.DocumentRevisions-V100/db-V1/db.sqlite	77824	2022-06-01 08:05:02	
JPMI://Basic data partition (2)/Untitled [HFS+]/Untitled/.DocumentRevisions-V100/db-V1/db.sqlite-wal	32	2024-11-21 23:40:21	
JPMI://Basic data partition (2)/Untitled [HFS+]/Untitled/.DocumentRevisions-V100/metadata	303	2022-04-11 22:34:02	
JPMI://Basic data partition (2)/Untitled [HFS+]/Untitled/.DocumentRevisions-V100/purgatory/		2020-10-15 21:19:22	
JPMI://Basic data partition (2)/Untitled [HFS+]/Untitled/.DocumentRevisions-V100/staging/		2020-10-15 21:19:22	
JPMI://Basic data partition (2)/Untitled [HFS+]/Untitled/.HFS+ Private Directory Data			
JPMI://Basic data partition (2)/Untitled [HFS+]/Untitled/.Spotlight-V100/		2019-09-27 01:59:04	
JPMI://Basic data partition (2)/Untitled [HFS+]/Untitled/.Spotlight-V100/Store-V1/		2019-09-27 01:59:04	
JPMI://Basic data partition (2)/Untitled [HFS+]/Untitled/.Spotlight-V100/Store-V1/VolumeConfig.plist	348	2019-09-27 01:59:04	
JPMI://Basic data partition (2)/Untitled [HFS+]/Untitled/.Spotlight-V100/Store-V2/		2022-04-11 22:35:32	
JPMI://Basic data partition (2)/Untitled [HFS+]/Untitled/.Spotlight-V100/Store-V2/3DEE7E1E-F78C-4768-B492-D2485F7ADCBA/		2024-11-21 23:40:22	
JPMI://Basic data partition (2)/Untitled [HFS+]/Untitled/.Spotlight-V100/Store-V2/3DEE7E1E-F78C-4768-B492-D2485F7ADCBA/.store.db	20516864	2024-11-21 23:40:20	
JPMI://Basic data partition (2)/Untitled [HFS+]/Untitled/.Spotlight-V100/Store-V2/3DEE7E1E-F78C-4768-B492-D2485F7ADCBA/0.directoryStoreFile	2097152	2024-11-21 23:40:20	
JPMI://Basic data partition (2)/Untitled [HFS+]/Untitled/.Spotlight-V100/Store-V2/3DEE7E1E-F78C-4768-B492-D2485F7ADCBA/0.directoryStoreFile.shadow	1310720	2022-04-11 23:02:43	
JPMI://Basic data partition (2)/Untitled [HFS+]/Untitled/.Spotlight-V100/Store-V2/3DEE7E1E-F78C-4768-B492-D2485F7ADCBA/0.indexArrays	109908608	2022-04-11 23:02:42	
JPMI://Basic data partition (2)/Untitled [HFS+]/Untitled/.Spotlight-V100/Store-V2/3DEE7E1E-F78C-4768-B492-D2485F7ADCBA/0.indexBigDates	1453176	2022-04-11 23:02:31	
JPMI://Basic data partition (2)/Untitled [HFS+]/Untitled/.Spotlight-V100/Store-V2/3DEE7E1E-F78C-4768-B492-D2485F7ADCBA/0.indexCompactDirectory	17896374	2022-04-11 23:02:42	
JPMI://Basic data partition (2)/Untitled [HFS+]/Untitled/.Spotlight-V100/Store-V2/3DEE7E1E-F78C-4768-B492-D2485F7ADCBA/0.indexDirectory	3483892	2022-04-11 23:02:42	
JPMI://Basic data partition (2)/Untitled [HFS+]/Untitled/.Spotlight-V100/Store-V2/3DEE7E1E-F78C-4768-B492-D2485F7ADCBA/0.indexGroups	419431	2022-04-11 23:02:29	
JPMI://Basic data partition (2)/Untitled [HFS+]/Untitled/.Spotlight-V100/Store-V2/3DEE7E1E-F78C-4768-B492-D2485F7ADCBA/0.indexHead	4096	2022-06-01 03:39:43	
JPMI://Basic data partition (2)/Untitled [HFS+]/Untitled/.Spotlight-V100/Store-V2/3DEE7E1E-F78C-4768-B492-D2485F7ADCBA/0.indexIds	2906352	2022-04-11 23:02:42	
JPMI://Basic data partition (2)/Untitled [HFS+]/Untitled/.Spotlight-V100/Store-V2/3DEE7E1E-F78C-4768-B492-D2485F7ADCBA/0.indexPositions	185523358	2022-04-11 23:02:42	
JPMI://Basic data partition (2)/Untitled [HFS+]/Untitled/.Spotlight-V100/Store-V2/3DEE7E1E-F78C-4768-B492-D2485F7ADCBA/0.indexPostings	64252934	2022-04-11 23:02:42	
JPMI://Basic data partition (2)/Untitled [HFS+]/Untitled/.Spotlight-V100/Store-V2/3DEE7E1E-F78C-4768-B492-D2485F7ADCBA/0.ivf-vector-indexes	8	2024-11-21 23:40:21	
JPMI://Basic data partition (2)/Untitled [HFS+]/Untitled/.Spotlight-V100/Store-V2/3DEE7E1E-F78C-4768-B492-D2485F7ADCBA/0.shadowIndexGroups	290636	2022-06-01 03:39:43	
JPMI://Basic data partition (2)/Untitled [HFS+]/Untitled/.Spotlight-V100/Store-V2/3DEE7E1E-F78C-4768-B492-D2485F7ADCBA/0.shadowIndexHead	4096	2022-06-01 03:39:43	
JPMI://Basic data partition (2)/Untitled [HFS+]/Untitled/.Spotlight-V100/Store-V2/3DEE7E1E-F78C-4768-B492-D2485F7ADCBA/Cab.created		2022-04-11 22:34:01	
JPMI://Basic data partition (2)/Untitled [HFS+]/Untitled/.Spotlight-V100/Store-V2/3DEE7E1E-F78C-4768-B492-D2485F7ADCBA/Cab.modified		2022-04-28 16:08:27	
JPMI://Basic data partition (2)/Untitled [HFS+]/Untitled/.Spotlight-V100/Store-V2/3DEE7E1E-F78C-4768-B492-D2485F7ADCBA/Cache/		2022-04-11 22:42:32	
JPMI://Basic data partition (2)/Untitled [HFS+]/Untitled/.Spotlight-V100/Store-V2/3DEE7E1E-F78C-4768-B492-D2485F7ADCBA/Cache/0000/		2022-04-11 22:42:32	
JPMI://Basic data partition (2)/Untitled [HFS+]/Untitled/.Spotlight-V100/Store-V2/3DEE7E1E-F78C-4768-B492-D2485F7ADCBA/Cache/0000/0000/		2022-04-11 23:01:07	
JPMI://Basic data partition (2)/Untitled [HFS+]/Untitled/.Spotlight-V100/Store-V2/3DEE7E1E-F78C-4768-B492-D2485F7ADCBA/Cache/0000/0000/0000/		2022-04-11 22:42:32	
JPMI://Basic data partition (2)/Untitled [HFS+]/Untitled/.Spotlight-V100/Store-V2/3DEE7E1E-F78C-4768-B492-D2485F7ADCBA/Cache/0000/0000/0001/		2022-04-11 22:47:10	
JPMI://Basic data partition (2)/Untitled [HFS+]/Untitled/.Spotlight-V100/Store-V2/3DEE7E1E-F78C-4768-B492-D2485F7ADCBA/Cache/0000/0000/0002/		2022-04-11 22:52:19	
JPMI://Basic data partition (2)/Untitled [HFS+]/Untitled/.Spotlight-V100/Store-V2/3DEE7E1E-F78C-4768-B492-D2485F7ADCBA/Cache/0000/0000/0003/		2022-04-11 22:57:33	
JPMI://Basic data partition (2)/Untitled [HFS+]/Untitled/.Spotlight-V100/Store-V2/3DEE7E1E-F78C-4768-B492-D2485F7ADCBA/Cache/0000/0000/0004/		2022-04-11 22:57:55	
JPMI://Basic data partition (2)/Untitled [HFS+]/Untitled/.Spotlight-V100/Store-V2/3DEE7E1E-F78C-4768-B492-D2485F7ADCBA/Cache/0000/0000/0005/		2022-04-11 22:59:18	
JPMI://Basic data partition (2)/Untitled [HFS+]/Untitled/.Spotlight-V100/Store-V2/3DEE7E1E-F78C-4768-B492-D2485F7ADCBA/Cache/0000/0000/0006/		2022-04-11 23:00:43	
JPMI://Basic data partition (2)/Untitled [HFS+]/Untitled/.Spotlight-V100/Store-V2/3DEE7E1E-F78C-4768-B492-D2485F7ADCBA/Cache/0000/0000/0007/		2022-04-11 23:01:06	
JPMI://Basic data partition (2)/Untitled [HFS+]/Untitled/.Spotlight-V100/Store-V2/3DEE7E1E-F78C-4768-B492-D2485F7ADCBA/Cache/0000/0000/0008/		2022-04-11 23:01:07	
JPMI://Basic data partition (2)/Untitled [HFS+]/Untitled/.Spotlight-V100/Store-V2/3DEE7E1E-F78C-4768-B492-D2485F7ADCBA/Lion.created		2022-04-11 22:34:01	
JPMI://Basic data partition (2)/Untitled [HFS+]/Untitled/.Spotlight-V100/Store-V2/3DEE7E1E-F78C-4768-B492-D2485F7ADCBA/dbStr-6.map.buckets		2024-11-21 23:40:20	
JPMI://Basic data partition (2)/Untitled [HFS+]/Untitled/.Spotlight-V100/Store-V2/3DEE7E1E-F78C-4768-B492-D2485F7ADCBA/dbStr-6.map.header	84	2024-11-21 23:40:20	
JPMI://Basic data partition (2)/Untitled [HFS+]/Untitled/.Spotlight-V100/Store-V2/3DEE7E1E-F78C-4768-B492-D2485F7ADCBA/dbStr-6.map.offsets	16368	2024-11-21 23:40:20	
JPMI://Basic data partition (2)/Untitled [HFS+]/Untitled/.Spotlight-V100/Store-V2/3DEE7E1E-F78C-4768-B492-D2485F7ADCBA/indexState	28	2022-06-01 03:39:43	
JPMI://Basic data partition (2)/Untitled [HFS+]/Untitled/.Spotlight-V100/Store-V2/3DEE7E1E-F78C-4768-B492-D2485F7ADCBA/journalAttr.5		2024-11-21 23:40:22	
JPMI://Basic data partition (2)/Untitled [HFS+]/Untitled/.Spotlight-V100/Store-V2/3DEE7E1E-F78C-4768-B492-D2485F7ADCBA/journalExclusion		2022-04-11 22:34:01	
JPMI://Basic data partition (2)/Untitled [HFS+]/Untitled/.Spotlight-V100/Store-V2/3DEE7E1E-F78C-4768-B492-D2485F7ADCBA/journals.assisted_import_post/		2022-04-11 22:34:01	
JPMI://Basic data partition (2)/Untitled [HFS+]/Untitled/.Spotlight-V100/Store-V2/3DEE7E1E-F78C-4768-B492-D2485F7ADCBA/journals.assisted_import_pre/		2022-04-11 22:34:01	
JPMI://Basic data partition (2)/Untitled [HFS+]/Untitled/.Spotlight-V100/Store-V2/3DEE7E1E-F78C-4768-B492-D2485F7ADCBA/journals.corespotlight/		2022-04-11 22:34:01	
JPMI://Basic data partition (2)/Untitled [HFS+]/Untitled/.Spotlight-V100/Store-V2/3DEE7E1E-F78C-4768-B492-D2485F7ADCBA/journals.health_check/		2022-06-01 02:44:09	
JPMI://Basic data partition (2)/Untitled [HFS+]/Untitled/.Spotlight-V100/Store-V2/3DEE7E1E-F78C-4768-B492-D2485F7ADCBA/journals.live/		2022-04-11 22:34:01	
JPMI://Basic data partition (2)/Untitled [HFS+]/Untitled/.Spotlight-V100/Store-V2/3DEE7E1E-F78C-4768-B492-D2485F7ADCBA/journals.live_priority/		2022-04-11 22:34:01	
JPMI://Basic data partition (2)/Untitled [HFS+]/Untitled/.Spotlight-V100/Store-V2/3DEE7E1E-F78C-4768-B492-D2485F7ADCBA/journals.live_system/		2022-06-01 03:39:43	
JPMI://Basic data partition (2)/Untitled [HFS+]/Untitled/.Spotlight-V100/Store-V2/3DEE7E1E-F78C-4768-B492-D2485F7ADCBA/journals.live_user/		2022-04-11 22:34:01	
JPMI://Basic data partition (2)/Untitled [HFS+]/Untitled/.Spotlight-V100/Store-V2/3DEE7E1E-F78C-4768-B492-D2485F7ADCBA/journals.migration/		2022-04-11 22:34:01	
JPMI://Basic data partition (2)/Untitled [HFS+]/Untitled/.Spotlight-V100/Store-V2/3DEE7E1E-F78C-4768-B492-D2485F7ADCBA/journals.migration_secondchance/		2022-04-11 22:34:01	
JPMI://Basic data partition (2)/Untitled [HFS+]/Untitled/.Spotlight-V100/Store-V2/3DEE7E1E-F78C-4768-B492-D2485F7ADCBA/journals.repair/		2022-04-28 16:08:27	
JPMI://Basic data partition (2)/Untitled [HFS+]/Untitled/.Spotlight-V100/Store-V2/3DEE7E1E-F78C-4768-B492-D2485F7ADCBA/journals.scan/		2022-04-11 23:02:30	
JPMI://Basic data partition (2)/Untitled [HFS+]/Untitled/.Spotlight-V100/Store-V2/3DEE7E1E-F78C-4768-B492-D2485F7ADCBA/journals.scan/retire.363296		2022-04-11 23:02:29	
JPMI://Basic data partition (2)/Untitled [HFS+]/Untitled/.Spotlight-V100/Store-V2/3DEE7E1E-F78C-4768-B492-D2485F7ADCBA/live.0.directoryStoreFile	65536	2024-11-21 23:40:20	
JPMI://Basic data partition (2)/Untitled [HFS+]/Untitled/.Spotlight-V100/Store-V2/3DEE7E1E-F78C-4768-B492-D2485F7ADCBA/live.0.directoryStoreFile.shadow	56640	2022-06-01 03:39:43	
JPMI://Basic data partition (2)/Untitled [HFS+]/Untitled/.Spotlight-V100/Store-V2/3DEE7E1E-F78C-4768-B492-D2485F7ADCBA/live.0.indexArrays	4194304	2024-11-21 23:40:20	
JPMI://Basic data partition (2)/Untitled [HFS+]/Untitled/.Spotlight-V100/Store-V2/3DEE7E1E-F78C-4768-B492-D2485F7ADCBA/live.0.indexBigDates	131072	2024-11-21 23:40:20	
JPMI://Basic data partition (2)/Untitled [HFS+]/Untitled/.Spotlight-V100/Store-V2/3DEE7E1E-F78C-4768-B492-D2485F7ADCBA/live.0.indexCompactDirectory	2048	2024-11-21 23:40:20	
JPMI://Basic data partition (2)/Untitled [HFS+]/Untitled/.Spotlight-V100/Store-V2/3DEE7E1E-F78C-4768-B492-D2485F7ADCBA/live.0.indexDirectory	16448	2024-11-21 23:40:20	
JPMI://Basic data partition (2)/Untitled [HFS+]/Untitled/.Spotlight-V100/Store-V2/3DEE7E1E-F78C-4768-B492-D2485F7ADCBA/live.0.indexGroups	26215	2024-11-21 23:40:20	
JPMI://Basic data partition (2)/Untitled [HFS+]/Untitled/.Spotlight-V100/Store-V2/3DEE7E1E-F78C-4768-B492-D2485F7ADCBA/live.0.indexHead	4096	2024-11-21 23:40:22	
JPMI://Basic data partition (2)/Untitled [HFS+]/Untitled/.Spotlight-V100/Store-V2/3DEE7E1E-F78C-4768-B492-D2485F7ADCBA/live.0.indexIds	262144	2024-11-21 23:40:20	
JPMI://Basic data partition (2)/Untitled [HFS+]/Untitled/.Spotlight-V100/Store-V2/3DEE7E1E-F78C-4768-B492-D2485F7ADCBA/live.0.indexPositionTable	2097152	2024-11-21 23:40:20	
JPMI://Basic data partition (2)/Untitled [HFS+]/Untitled/.Spotlight-V100/Store-V2/3DEE7E1E-F78C-4768-B492-D2485F7ADCBA/live.0.indexPositions	1048576	2024-11-21 23:40:20	
JPMI://Basic data partition (2)/Untitled [HFS+]/Untitled/.Spotlight-V100/Store-V2/3DEE7E1E-F78C-4768-B492-D2485F7ADCBA/live.0.indexPostings	2097152	2024-11-21 23:40:20	
JPMI://Basic data partition (2)/Untitled [HFS+]/Untitled/.Spotlight-V100/Store-V2/3DEE7E1E-F78C-4768-B492-D2485F7ADCBA/live.0.indexTermIds	2097152	2024-11-21 23:40:20	
JPMI://Basic data partition (2)/Untitled [HFS+]/Untitled/.Spotlight-V100/Store-V2/3DEE7E1E-F78C-4768-B492-D2485F7ADCBA/live.0.indexUpdates		2022-06-01 03:39:43	
JPMI://Basic data partition (2)/Untitled [HFS+]/Untitled/.Spotlight-V100/Store-V2/3DEE7E1E-F78C-4768-B492-D2485F7ADCBA/live.0.ivf-vector-indexes	8	2024-11-21 23:40:21	
JPMI://Basic data partition (2)/Untitled [HFS+]/Untitled/.Spotlight-V100/Store-V2/3DEE7E1E-F78C-4768-B492-D2485F7ADCBA/live.0.shadowIndexArrays	4194304	2022-06-01 03:39:43	
JPMI://Basic data partition (2)/Untitled [HFS+]/Untitled/.Spotlight-V100/Store-V2/3DEE7E1E-F78C-4768-B492-D2485F7ADCBA/live.0.shadowIndexCompactDirectory	1748	2022-06-01 03:39:43	
JPMI://Basic data partition (2)/Untitled [HFS+]/Untitled/.Spotlight-V100/Store-V2/3DEE7E1E-F78C-4768-B492-D2485F7ADCBA/live.0.shadowIndexDirectory	10280	2022-06-01 03:39:43	
JPMI://Basic data partition (2)/Untitled [HFS+]/Untitled/.Spotlight-V100/Store-V2/3DEE7E1E-F78C-4768-B492-D2485F7ADCBA/live.0.shadowIndexGroups	17645	2022-06-01 03:39:43	
JPMI://Basic data partition (2)/Untitled [HFS+]/Untitled/.Spotlight-V100/Store-V2/3DEE7E1E-F78C-4768-B492-D2485F7ADCBA/live.0.shadowIndexHead	4096	2022-06-01 03:39:43	
JPMI://Basic data partition (2)/Untitled [HFS+]/Untitled/.Spotlight-V100/Store-V2/3DEE7E1E-F78C-4768-B492-D2485F7ADCBA/live.0.shadowIndexPositionTable	1205648	2022-06-01 03:39:43	
JPMI://Basic data partition (2)/Untitled [HFS+]/Untitled/.Spotlight-V100/Store-V2/3DEE7E1E-F78C-4768-B492-D2485F7ADCBA/live.0.shadowIndexTermIds	1205648	2022-06-01 03:39:43	
JPMI://Basic data partition (2)/Untitled [HFS+]/Untitled/.Spotlight-V100/Store-V2/3DEE7E1E-F78C-4768-B492-D2485F7ADCBA/permStore	118630	2024-11-21 23:40:21	
JPMI://Basic data partition (2)/Untitled [HFS+]/Untitled/.Spotlight-V100/Store-V2/3DEE7E1E-F78C-4768-B492-D2485F7ADCBA/reverseDirectoryStore	2097152	2024-11-21 23:40:20	
JPMI://Basic data partition (2)/Untitled [HFS+]/Untitled/.Spotlight-V100/Store-V2/3DEE7E1E-F78C-4768-B492-D2485F7ADCBA/reverseDirectoryStore.shadow	1703936	2022-04-11 23:02:31	
JPMI://Basic data partition (2)/Untitled [HFS+]/Untitled/.Spotlight-V100/Store-V2/3DEE7E1E-F78C-4768-B492-D2485F7ADCBA/reverseStore.updates	1	2022-06-01 03:39:43	
JPMI://Basic data partition (2)/Untitled [HFS+]/Untitled/.Spotlight-V100/Store-V2/3DEE7E1E-F78C-4768-B492-D2485F7ADCBA/shutdown_time	4	2022-06-01 08:05:02	
JPMI://Basic data partition (2)/Untitled [HFS+]/Untitled/.Spotlight-V100/Store-V2/3DEE7E1E-F78C-4768-B492-D2485F7ADCBA/store.db	20516864	2022-06-01 03:39:43	
JPMI://Basic data partition (2)/Untitled [HFS+]/Untitled/.Spotlight-V100/Store-V2/3DEE7E1E-F78C-4768-B492-D2485F7ADCBA/store.updates	3	2022-06-01 03:39:43	
JPMI://Basic data partition (2)/Untitled [HFS+]/Untitled/.Spotlight-V100/Store-V2/3DEE7E1E-F78C-4768-B492-D2485F7ADCBA/store_generation	4	2022-04-11 22:34:01	
JPMI://Basic data partition (2)/Untitled [HFS+]/Untitled/.Spotlight-V100/Store-V2/3DEE7E1E-F78C-4768-B492-D2485F7ADCBA/tmp.Cab		2022-04-11 22:34:01	
JPMI://Basic data partition (2)/Untitled [HFS+]/Untitled/.Spotlight-V100/Store-V2/3DEE7E1E-F78C-4768-B492-D2485F7ADCBA/tmp.Lion		2022-04-11 22:34:01	
JPMI://Basic data partition (2)/Untitled [HFS+]/Untitled/.Spotlight-V100/Store-V2/3DEE7E1E-F78C-4768-B492-D2485F7ADCBA/tmp.SnowLeopard		2022-04-11 22:34:01	
JPMI://Basic data partition (2)/Untitled [HFS+]/Untitled/.Spotlight-V100/Store-V2/3DEE7E1E-F78C-4768-B492-D2485F7ADCBA/tmp.spotlight.loc	239971	2022-06-01 02:48:32	
JPMI://Basic data partition (2)/Untitled [HFS+]/Untitled/.Spotlight-V100/Store-V2/3DEE7E1E-F78C-4768-B492-D2485F7ADCBA/tmp.spotlight.state	4096	2024-11-21 23:40:22	
JPMI://Basic data partition (2)/Untitled [HFS+]/Untitled/.Spotlight-V100/VolumeConfiguration.plist	4009	2022-04-11 22:34:01	
JPMI://Basic data partition (2)/Untitled [HFS+]/Untitled/.TemporaryItems/		2020-10-15 21:19:22	
JPMI://Basic data partition (2)/Untitled [HFS+]/Untitled/.TemporaryItems/folders.0/		2020-10-15 21:19:22	
JPMI://Basic data partition (2)/Untitled [HFS+]/Untitled/.TemporaryItems/folders.0/TemporaryItems/		2024-11-21 23:40:21	
JPMI://Basic data partition (2)/Untitled [HFS+]/Untitled/.Trashes/		2022-03-31 18:21:15	
JPMI://Basic data partition (2)/Untitled [HFS+]/Untitled/.com.apple.timemachine.donotpresent		2020-10-26 13:18:59	
JPMI://Basic data partition (2)/Untitled [HFS+]/Untitled/.fseventsd/		2022-06-01 08:05:02	
JPMI://Basic data partition (2)/Untitled [HFS+]/Untitled/.fseventsd/ffffffffd0400b31	234	2022-06-01 08:05:02	
JPMI://Basic data partition (2)/Untitled [HFS+]/Untitled/.fseventsd/ffffffffd0400b32	74	2022-06-01 08:05:02	
JPMI://Basic data partition (2)/Untitled [HFS+]/Untitled/.fseventsd/fseventsd-uuid	36	2022-06-01 08:05:02	
JPMI://Basic data partition (2)/Untitled [HFS+]/Untitled/.journal	41943040	2019-09-27 01:59:03	HFS+ journal
JPMI://Basic data partition (2)/Untitled [HFS+]/Untitled/.journal_info_block	4096	2019-09-27 01:59:02	HFS+ journal info block
