extension	file_count	size_bytes	hash_count
[none]	122989	32594085281	61562
.vcf	64649	25643540	64534
.vcf-slack	64647	0	0
.jpg	51373	7748189901	51356
.jpg-slack	51282	0	0
.jpeg	23970	2353767281	23967
.jpeg-slack	23969	0	0
.emlx	15487	696536741	15487
.emlx-slack	15484	0	0
.JPG	14202	15549913450	14202
.JPG-slack	14201	0	0
.plist	14187	39529699	14037
.plist-slack	14038	0	0
.png	13857	1627471123	13494
.png-slack	13486	0	0
.abcdp	12115	19720791	12115
.abcdp-slack	12115	0	0
.fppl-slack	11511	0	0
.fppl	11511	8292379	11510
.icloud	10374	1918627	10374
.icloud-slack	10374	0	0
.ics-slack	7413	0	0
.ics	7413	12797029	7413
.txt	5459	173370571	5349
.txt-slack	5435	0	0
.PNG	5169	2774142371	5169
.PNG-slack	5169	0	0
.ichat	2973	471730106	2973
.ichat-slack	2973	0	0
.csv	2350	359367456	2350
.csv-slack	2349	0	0
.amr-slack	1343	0	0
.amr	1343	42790036	1343
.ithmb	1037	300244892	1037
.ithmb-slack	1037	0	0
.PhotosCacheFile	988	295375090	988
.PhotosCacheFile-slack	988	0	0
.pdf	969	1184570405	969
.pdf-slack	968	0	0
.HEIC	802	550651429	802
.HEIC-slack	802	0	0
.strings	720	11173896	720
.strings-slack	720	0	0
.nib	654	9798288	654
.nib-slack	654	0	0
.MOV	636	777933093	636
.MOV-slack	636	0	0
.json	616	85338102	615
.json-slack	615	0	0
.mov-slack	370	0	0
.mov	370	82139834486	370
.xml	335	85469009	309
.xml-slack	309	0	0
.db	271	575917333	269
.data	251	897174843	251
.dll	241	199027712	241
.log	237	108835996	231
.iconpack-slack	232	0	0
.iconpack	232	29097776	232
.gif-slack	228	0	0
.html	228	84108731	228
.html-slack	228	0	0
.gif	228	105492412	228
.pcapng	224	3536416	212
.db-wal	217	92400376	217
.dylib	213	253225312	213
.db-shm	213	7110656	213
.data-slack	213	0	0
.dylib-slack	212	0	0
.pcapng-slack	212	0	0
.shieldpack	206	11833249	206
.shieldindex-slack	206	0	0
.shieldindex	206	230787	206
.shieldpack-slack	206	0	0
.log-slack	201	0	0
.dll-slack	200	0	0
.numbers	177	185462221	177
.numbers-slack	176	0	0
.CFUserTextEncoding	175	5401	175
.CFUserTextEncoding-slack	175	0	0
.zip-slack	162	0	0
.zip	162	5299147033	162
.MP4	160	8847400	160
.MP4-slack	160	0	0
.DS_Store	144	1065532	143
.DS_Store-slack	144	0	0
.im4p	141	5267816	24
.js	125	5529297	125
.js-slack	125	0	0
.dat	118	97568165	118
.dat-slack	117	0	0
.notes-slack	115	0	0
.notes	115	75900	115
.calldump	96	410488	96
.mp4-slack	94	0	0
.mp4	94	334952949	94
.calldump-slack	90	0	0
.db-wal-slack	88	0	0
.sk	83	30738432	83
.sth	82	20598	82
.sth-slack	82	0	0
.cdt-slack	81	0	0
.cdt	81	44169	81
.svg-slack	74	0	0
.svg	74	307165	74
.ttf-slack	65	0	0
.ttf	65	46892068	65
.icns-slack	60	0	0
.tiff	60	119192448	60
.tiff-slack	60	0	0
.icns	60	9541399	60
.pluginPayloadAttachment	59	9300547	59
.pluginPayloadAttachment-slack	59	0	0
.old	56	25431	56
.old-slack	56	0	0
.webp-slack	55	0	0
.webp	55	61502558	55
.dmg	54	1002173035	39
.mbn	53	0	0
.icsalarm	52	12299	52
.icsalarm-slack	52	0	0
.m4p-slack	50	0	0
.m4p	50	429008719	50
.m4a	49	251754230	49
.m4a-slack	49	0	0
.0	49	13480063	12
.lisj-slack	47	0	0
.lisj	47	337830087	47
.mailsignature	45	58631	45
.cshelpindex-slack	45	0	0
.mailsignature-slack	45	0	0
.cshelpindex	45	2439602	45
.css-slack	40	0	0
.localstorage	40	479232	40
.sqlite3	40	4026368	40
.css	40	881744	40
.localstorage-wal	39	8945224	39
.dmg-slack	39	0	0
.localstorage-shm	39	1277952	39
.sqlite3-wal	38	8116752	38
.sqlite3-shm	38	1245184	38
.sk-slack	37	0	0
.lij	34	101004710	34
.docx-slack	34	0	0
.lij-slack	34	0	0
.pages	34	38523686	34
.docx	34	1662841	34
.pages-slack	32	0	0
.sqlite	29	54865920	28
.gz	28	2544955	26
.iwa	27	0	0
.gz-slack	26	0	0
.im4p-slack	24	0	0
.sfl2	23	342619	23
.sfl2-slack	23	0	0
.usage	22	528	22
.ldb-slack	22	0	0
.localstorage-wal-slack	22	0	0
.usage-slack	22	0	0
.ldb	22	15118710	22
.lockfile	21	0	21
.bin	21	5977	5
.woff	20	902156	20
.der	20	0	0
.woff-slack	20	0	0
.sqlite-wal	20	32832760	19
.sqlite-shm	19	622592	19
.rtf-slack	19	0	0
.rtf	19	3720967	19
.binarycookies	18	108183	18
.diag	18	845060	18
.xlsx-slack	18	0	0
.diag-slack	18	0	0
.xlsx	18	273294	18
.binarycookies-slack	18	0	0
.crash	17	1386647	17
.closed	17	677026	17
.closed-slack	17	0	0
.crash-slack	17	0	0
.amr (fcp1)-slack	16	0	0
.sqlite-wal-slack	16	0	0
.amr (fcp1)	16	724344	16
.elf	15	0	0
.bz2	15	120064	14
.config-slack	15	0	0
.config	15	555535	15
.theater-slack	15	0	0
.theater	15	22665	15
.localized	15	0	15
.fw	14	0	0
.bz2-slack	14	0	0
.store	14	11424500	14
.store-slack	13	0	0
.indexDirectory	12	286812	10
.shadowIndexGroups	12	42350	10
.shadowIndexGroups-slack	12	0	0
.shadowIndexHead	12	40960	10
.0-slack	12	0	0
.indexArrays	12	15858432	10
.indexBigDates	12	199524	10
.indexCompactDirectory	12	1657982	10
.indexCompactDirectory-slack	12	0	0
.indexDirectory-slack	12	0	0
.indexGroups	12	56854	10
.indexHead	12	40960	10
.indexIds	12	399048	10
.indexPositions	12	51220628	10
.indexPostings	12	13880648	10
.doc	12	980480	12
.bmp	11	496632	11
.sh	11	828	11
.bmp-slack	11	0	0
.woff2	11	517588	11
.woff2-slack	11	0	0
.doc-slack	11	0	0
.sqlite3-wal-slack	11	0	0
.sh-slack	11	0	0
.fingerprint	10	660	10
.py	10	71943	10
.otf-slack	10	0	0
.genericshieldstyles	10	33378	10
.otf	10	570516	10
.genericshieldstyles-slack	10	0	0
.enc-slack	10	0	0
.abcdg	10	759240	10
.abcdg-slack	10	0	0
.indexUpdates	10	87	9
.styl-slack	10	0	0
.py-slack	10	0	0
.enc	10	2045694	10
.styl	10	477581	10
.fingerprint-slack	10	0	0
.indexBigDates-slack	9	0	0
.exe-slack	9	0	0
.0132b2147001162d3d0f68e7413658d8f080c47af9-slack	9	0	0
.exe	9	460800	9
.indexIds-slack	9	0	0
.indexArrays-slack	9	0	0
.mapping	9	5914624	9
.db-journal	9	0	9
.sqlitedb	9	35028992	9
.shadow	9	6528	6
.0132b2147001162d3d0f68e7413658d8f080c47af9	9	477	9
.db-slack	8	0	0
.apk-slack	8	0	0
.info	8	203901	8
.directoryStoreFile	8	393216	6
.mapping-slack	8	0	0
.apk	8	55304198	8
.imovieevent	8	233324544	8
.collection-slack	7	0	0
.eml	7	4285715	7
.syncdb	7	25116672	7
.abcddb-wal	7	7329608	7
.01898ede8c7c77ae97aa85ce46b3ae1bafa2b5952c	7	1701	7
.abcddb-shm	7	229376	7
.abcddb	7	32583680	7
.01898ede8c7c77ae97aa85ce46b3ae1bafa2b5952c-slack	7	0	0
.info-slack	7	0	0
.indexUpdates-slack	7	0	0
.indexPostings-slack	7	0	0
.indexPositions-slack	7	0	0
.drawing	7	0	7
.indexGroups-slack	7	0	0
.shadow-slack	7	0	0
.bbfw	7	0	0
.eml-slack	7	0	0
.aux-slack	7	0	0
.aux	7	2040	7
.tar	7	1718272	7
.collection	7	11188	7
.conf-slack	6	0	0
.01280ae28eb43bc26d0e1a41d85409e7417c4396ae-slack	6	0	0
.bak	6	17408	6
.conf	6	3722	6
.1	6	636666	2
.archive-slack	6	0	0
.skindex	6	27811840	6
.tar-slack	6	0	0
.abcdi-slack	6	0	0
.archive	6	27884	6
.01280ae28eb43bc26d0e1a41d85409e7417c4396ae	6	1800	6
.abcdi	6	2588	6
.lock	6	930	6
.ini	5	938	5
.ini-slack	5	0	0
.indexTermIds	5	3005880	4
.indexPositionTable	5	3005880	4
.metadata_never_index	5	0	5
.sqlitedb-wal-slack	5	0	0
.sqlitedb-wal	5	3193160	5
.sqlitedb-shm	5	163840	5
.bin-slack	5	0	0
.htm	5	1564503	5
.htm-slack	5	0	0
.db-lock	4	0	4
.mp3-slack	4	0	0
.mp3	4	6377918	4
.graphdb-wal	4	0	4
.019a34200177aa8ce137633217160611aca2cc9b56	4	15480	4
.pb	4	564151	4
.pb-slack	4	0	0
.pbd	4	508011	4
.pbd-slack	4	0	0
.abcddb-wal-slack	4	0	0
.019a34200177aa8ce137633217160611aca2cc9b56-slack	4	0	0
.updates	4	6	2
.updates-slack	4	0	0
.01cc9a5b7b4d9ca88b0e6ed652a617d1dd1e2b0f57	4	212	4
.XMP	4	3275	4
.XMP-slack	4	0	0
.fone-Recover	4	24768304	4
.ipsw	4	11566867083	4
.ipsw-slack	4	0	0
.fone-Recover-slack	4	0	0
.01cc9a5b7b4d9ca88b0e6ed652a617d1dd1e2b0f57-slack	4	0	0
.synciddb	4	2523136	4
.graphdb-shm	4	131072	4
.graphdb	4	4911104	4
.trustcache	3	0	0
.clsrecord	3	79323	3
.lck	3	0	3
.016a2954caedd2242c078fe8ecaf1a950a7e84bdc1-slack	3	0	0
.012b13f22e98749dd035b011e1c4ffe4ee64daa888	3	159	3
.04e37539acd6ccaa6f3226c2dc440dab8143d92006-slack	3	0	0
.webarchive	3	3316671	3
.blog	3	5709515	3
.blog-slack	3	0	0
.webarchive-slack	3	0	0
.webloc	3	1003	3
.04fc240e368cb119388d4e9ad5cb91955209643e54	3	977790	3
.pklg	3	206234	2
.04fc240e368cb119388d4e9ad5cb91955209643e54-slack	3	0	0
.sig	3	208896	3
.shadowIndexTermIds	3	600824	2
.shadowIndexPositionTable	3	595216	2
.shadowIndexDirectory-slack	3	0	0
.shadowIndexDirectory	3	4112	2
.cache	3	12894937	3
.shadowIndexCompactDirectory-slack	3	0	0
.shadowIndexCompactDirectory	3	354	2
.shadowIndexArrays	3	1638400	2
.m4v-slack	3	0	0
.m4v	3	271995584	3
.webloc-slack	3	0	0
.cts	3	0	3
.storedata-wal-slack	3	0	0
.storedata-wal	3	2488576	3
.cpgz	3	1333107	3
.cpgz-slack	3	0	0
.cpx	3	1449	3
.045095e000f7aa84020eed20fe2bb4c1ded125a363	3	9496335	3
.3968BE90-A549-4310-9E7E-511CC3F8420F	3	0	3
.cpx-slack	3	0	0
.storedata-shm	3	98304	3
.storedata	3	761856	3
.enh	3	434176	3
.nobackup	3	0	3
.04e37539acd6ccaa6f3226c2dc440dab8143d92006	3	8332524	3
.eot	3	59012	3
.clsrecord-slack	3	0	0
.state	3	8192	2
.016a2954caedd2242c078fe8ecaf1a950a7e84bdc1	3	10710	3
.eot-slack	3	0	0
.045095e000f7aa84020eed20fe2bb4c1ded125a363-slack	3	0	0
.012b13f22e98749dd035b011e1c4ffe4ee64daa888-slack	3	0	0
.pklg-slack	2	0	0
.dmp	2	648064	2
.dmp-slack	2	0	0
.01695644ffe0ec3c1fc0f3b381e7e7545c92ac8898	2	52612	2
.01695644ffe0ec3c1fc0f3b381e7e7545c92ac8898-slack	2	0	0
.04e76ab8e96083089a59bac6aefdab204b8c4237ee	2	2850780	2
.Chrome	2	702	2
.QuarantineEventsV2	2	1449984	2
.04e76ab8e96083089a59bac6aefdab204b8c4237ee-slack	2	0	0
.04e90cf17dc87067ce587d8c51d224a2f81f4b1e31	2	5677456	2
.04e90cf17dc87067ce587d8c51d224a2f81f4b1e31-slack	2	0	0
.043ebe001f007d8077260eb8153015453246e8d010	2	708144	2
.043ebe001f007d8077260eb8153015453246e8d010-slack	2	0	0
.013caa85e6a9f157669f36f4f1d5fd34e5c150df7e	2	2402	2
.013caa85e6a9f157669f36f4f1d5fd34e5c150df7e-slack	2	0	0
.04c884c12b5d24d8d2a65b35a6916b6601528ad3f5	2	2734234	2
.04c884c12b5d24d8d2a65b35a6916b6601528ad3f5-slack	2	0	0
.01d1c02828f35f4f1f3fae34102c47eddbe334a1e7	2	614	2
.01d1c02828f35f4f1f3fae34102c47eddbe334a1e7-slack	2	0	0
.01953c9babdcffdca9d78c9435e3292ed8726db64b	2	770	2
.flexohidden	2	0	2
.01953c9babdcffdca9d78c9435e3292ed8726db64b-slack	2	0	0
.019711b68a79101f388de9e0a0a49c40e4ade834a5	2	614	2
.019711b68a79101f388de9e0a0a49c40e4ade834a5-slack	2	0	0
.01d8cdde1d6024514664bfbe0b8c3e3521e5c07e50	2	614	2
.01d8cdde1d6024514664bfbe0b8c3e3521e5c07e50-slack	2	0	0
.fonts	2	1235100	2
.fonts-slack	2	0	0
.01d9ff5e77072d4f8f951f2e4f656dda0ec6d91147	2	770	2
.01d9ff5e77072d4f8f951f2e4f656dda0ec6d91147-slack	2	0	0
.016bf0c5d43a9a41206306022f76baa74d8a618b02	2	614	2
.016bf0c5d43a9a41206306022f76baa74d8a618b02-slack	2	0	0
.01522b927516d33a0a926941b724d74e1e53af1f0e	2	774	2
.01522b927516d33a0a926941b724d74e1e53af1f0e-slack	2	0	0
.04f34463c2f43b78c46c44925e60517830c7459178	2	3747628	2
.04f34463c2f43b78c46c44925e60517830c7459178-slack	2	0	0
.047a752fbc9f5e72d145773758317df4ee7daf17f0	2	2307810	2
.047a752fbc9f5e72d145773758317df4ee7daf17f0-slack	2	0	0
.047cc070e20b7c2b1524722ace22061738cbc514ee	2	3711686	2
.047cc070e20b7c2b1524722ace22061738cbc514ee-slack	2	0	0
.04fbb134384151b0e3de8f61893fcb1a1ca6bcc811	2	347366	2
.04fbb134384151b0e3de8f61893fcb1a1ca6bcc811-slack	2	0	0
.01ec91096685260a1b535571b43c4c57ae0008f5c2	2	770	2
.StorageManagementExtension	2	158	2
.StorageManagementExtension-slack	2	0	0
.01ec91096685260a1b535571b43c4c57ae0008f5c2-slack	2	0	0
.042329c96dbd6c0b1aad776ec8fc102c02eb7c0903	2	2742574	2
.042329c96dbd6c0b1aad776ec8fc102c02eb7c0903-slack	2	0	0
.01139491590bb43ba7027da1f75d7801373e2ca2d9	2	1842	2
.01139491590bb43ba7027da1f75d7801373e2ca2d9-slack	2	0	0
.0480a0ffbd28a1c5a4b2e265e77f9fb6914c4d679c	2	4163104	2
.0480a0ffbd28a1c5a4b2e265e77f9fb6914c4d679c-slack	2	0	0
.iCal	2	89	2
.iCal-slack	2	0	0
.1-slack	2	0	0
.01efc820a64d5252c247c65418d1bf8a01e829baf0	2	1358	2
.01efc820a64d5252c247c65418d1bf8a01e829baf0-slack	2	0	0
.04d5a52d4a8a1d19e42ec9aa9d84196df13b1983ae	2	4115132	2
.04d5a52d4a8a1d19e42ec9aa9d84196df13b1983ae-slack	2	0	0
.011b1d9c5d08a8de249ff5f812cf2d52b4dff48853	2	1358	2
.011b1d9c5d08a8de249ff5f812cf2d52b4dff48853-slack	2	0	0
.ico	2	19585	2
.ico-slack	2	0	0
.2	2	133257	2
.2-slack	2	0	0
.indexPositionTable-slack	2	0	0
.indexTermIds-slack	2	0	0
.M4V	2	116819	2
.ipa	2	1287336	2
.ipa-slack	2	0	0
.iphone7	2	0	0
.ivf-vector-indexes	2	0	0
.ivf-vector-indexes-slack	2	0	0
.keychain-db	2	958832	2
.keychain-db-slack	2	0	0
.abcdmr	2	90112	2
.abcdmr-shm	2	65536	2
.abcdmr-wal	2	8304	2
.abcdmr-wal-slack	2	0	0
.loc	2	2085	1
.loc-slack	2	0	0
.lock-slack	2	0	0
.M4V-slack	2	0	0
.map	2	3547976	2
.map-slack	2	0	0
.01a201fe828fbbc10c11c5c17592ebdb969db34b4a	2	614	2
.01a201fe828fbbc10c11c5c17592ebdb969db34b4a-slack	2	0	0
.01a3a106d867946a9fc39b9e9c003dc8f546cf263f	2	614	2
.01a3a106d867946a9fc39b9e9c003dc8f546cf263f-slack	2	0	0
.5	2	6621	1
.01340ffa829263c49653323e1dcddcd83401302706	2	774	2
.01340ffa829263c49653323e1dcddcd83401302706-slack	2	0	0
.01120a6a921967a6f77e6cb17bcf514eb2ec39f5ac	2	770	2
.01120a6a921967a6f77e6cb17bcf514eb2ec39f5ac-slack	2	0	0
.msg	2	0	2
.n71	2	0	0
.0135a3f184e986160354c9338faa9ff449fbb43d0f	2	35978	2
.0135a3f184e986160354c9338faa9ff449fbb43d0f-slack	2	0	0
.011f979f23910adc6c6352daee789d29e77b83ea14	2	770	2
.011f979f23910adc6c6352daee789d29e77b83ea14-slack	2	0	0
.01ae49ca6fb19e38bdc2b4ba6227509ad6526d500b	2	614	2
.bak-slack	2	0	0
.01ae49ca6fb19e38bdc2b4ba6227509ad6526d500b-slack	2	0	0
.0184247d70b9ea76342ec1159bbc010d27b64d8e65	2	106	2
.0184247d70b9ea76342ec1159bbc010d27b64d8e65-slack	2	0	0
.pkg	2	13057970	2
.pkg-slack	2	0	0
.PhotosCacheData-slack	2	0	0
.013705ac419696b87d6416967a46d2bbbfbb57eb5f	2	50502	2
.pma	2	5242880	2
.pnr	2	2897180	2
.pnr-slack	2	0	0
.013705ac419696b87d6416967a46d2bbbfbb57eb5f-slack	2	0	0
.pptx	2	5525382	2
.pptx-slack	2	0	0
.AddressBook	2	96	2
.AddressBook-slack	2	0	0
.cache-slack	2	0	0
.04b94a9b436edde5766590a969a2e6d61a238304e1	2	5154550	2
.04b94a9b436edde5766590a969a2e6d61a238304e1-slack	2	0	0
.rsf	2	381682	2
.rsf-slack	2	0	0
.01b9eb615d975566e8c97603c15b1f3c9876da5c80	2	614	2
.01b9eb615d975566e8c97603c15b1f3c9876da5c80-slack	2	0	0
.04b9f30c68a9e6b0606eba944a16d658d3be6219bf	2	461474	2
.calculator	2	119	2
.safaripush	2	334787	2
.safaripush-slack	2	0	0
.calculator-slack	2	0	0
.scpt	2	6276	2
.scpt-slack	2	0	0
.sefw	2	0	0
.cf	2	1368	2
.cf-slack	2	0	0
.changedb	2	319488	2
.04b9f30c68a9e6b0606eba944a16d658d3be6219bf-slack	2	0	0
.048c98e0ad80c5f6b30f767ec721982ebbdd677761	2	15572656	2
.048c98e0ad80c5f6b30f767ec721982ebbdd677761-slack	2	0	0
.01ba1ad5896e8a68260298cf1babebb4c72236ccf9	2	770	2
.shadowIndexPositionTable-slack	2	0	0
.shadowIndexTermIds-slack	2	0	0
.skindex-slack	2	0	0
.01ba1ad5896e8a68260298cf1babebb4c72236ccf9-slack	2	0	0
.sol	2	708	2
.sol-slack	2	0	0
.0116f2829d2b650b7966aa4c4ad4dae2efb12ab3fb	2	1842	2
.0116f2829d2b650b7966aa4c4ad4dae2efb12ab3fb-slack	2	0	0
.0409965cd35c4cb7f222421fc9faf096619625334a	2	344120	2
.0409965cd35c4cb7f222421fc9faf096619625334a-slack	2	0	0
.stocks	2	111	2
.stocks-slack	2	0	0
.cmap	2	5017277	2
.cmap-slack	2	0	0
.com	2	22	2
.com-slack	2	0	0
.tangier_M3	2	0	2
.tcc	2	12463	2
.tcc-slack	2	0	0
.v1	2	0	2
.v2	2	0	2
.created	2	0	0
.01679d4e0cfd9d332553ba127a7c1af83b4c5086e0	2	106	2
.01679d4e0cfd9d332553ba127a7c1af83b4c5086e0-slack	2	0	0
.vmap4	2	12	2
.vmap4-slack	2	0	0
.PhotosCacheData	2	74887	2
.04c761a9112473d50299bd7043f25fd7e35e785be0	1	540277	1
.04c761a9112473d50299bd7043f25fd7e35e785be0-slack	1	0	0
.04c7c23d262e12211fe4b1e07a3d73e2b1adbae2c4	1	2313098	1
.04c7c23d262e12211fe4b1e07a3d73e2b1adbae2c4-slack	1	0	0
.04c95b1246cef838ce8d91606adeb9775ada274711	1	19712423	1
.04c95b1246cef838ce8d91606adeb9775ada274711-slack	1	0	0
.04c962ec83d3d86890bf0bb6b98ae98861a0b7d5ff	1	387492	1
.04c962ec83d3d86890bf0bb6b98ae98861a0b7d5ff-slack	1	0	0
.04ca14f9a7275591e1c26618a068b5a857032c26bd	1	2928913	1
.04ca14f9a7275591e1c26618a068b5a857032c26bd-slack	1	0	0
.04cab44d4877224be9e712cfca9ff41657a0e77084	1	1345233	1
.04cab44d4877224be9e712cfca9ff41657a0e77084-slack	1	0	0
.04cb11e74d5b8ea5e8cc78ab8df546cf3b0006806c	1	368583	1
.04cb11e74d5b8ea5e8cc78ab8df546cf3b0006806c-slack	1	0	0
.04cc29100fcd7cd50a5000972118cd6157be0647ff	1	1114978	1
.04cc29100fcd7cd50a5000972118cd6157be0647ff-slack	1	0	0
.04cc7e1b666744118493faa675ff08c2103a6c6488	1	3658749	1
.04cc7e1b666744118493faa675ff08c2103a6c6488-slack	1	0	0
.04ccda2ac7404135f755c396b9d5dbb8ca2e9e0717	1	653883	1
.04ccda2ac7404135f755c396b9d5dbb8ca2e9e0717-slack	1	0	0
.04d0c50a58240a73e16e6e8498efae314fda68c0dc	1	255391	1
.04d0c50a58240a73e16e6e8498efae314fda68c0dc-slack	1	0	0
.04d1d12cde3878233d48c7e85821d6ae504506da55	1	3133105	1
.04d1d12cde3878233d48c7e85821d6ae504506da55-slack	1	0	0
.04d1e17915d293757beba4c172d8ea9bf81197dc14	1	424686	1
.04d1e17915d293757beba4c172d8ea9bf81197dc14-slack	1	0	0
.04d1e9d62c25108bc67f561c6ebf2362e3c67d9876	1	1774697	1
.04d1e9d62c25108bc67f561c6ebf2362e3c67d9876-slack	1	0	0
.04d220b84852f55202417880b008d7c5f3e6cbe1b2	1	867608	1
.04d220b84852f55202417880b008d7c5f3e6cbe1b2-slack	1	0	0
.04d297baa5395ea379953239b988feb368857a95e4	1	3279258	1
.04d297baa5395ea379953239b988feb368857a95e4-slack	1	0	0
.04d35fb2bf46ad6ff792887052db9f253c160e24ae	1	1500842	1
.04d35fb2bf46ad6ff792887052db9f253c160e24ae-slack	1	0	0
.04d4eb96d3ad434728435b6905c5567deaa32801c4	1	4228666	1
.04d4eb96d3ad434728435b6905c5567deaa32801c4-slack	1	0	0
.04d5158aac9840b2fe2f9940f1287d20e7ec440ba4	1	229739	1
.04d5158aac9840b2fe2f9940f1287d20e7ec440ba4-slack	1	0	0
.04d532100313cd649c908a9a0fe9539f87927685bc	1	18926	1
.04d532100313cd649c908a9a0fe9539f87927685bc-slack	1	0	0
.04d6a925fd2d5bceaf4219a49fcf798cb000e02849	1	11436	1
.04d6a925fd2d5bceaf4219a49fcf798cb000e02849-slack	1	0	0
.04d6e78b80becfda75065f527f2f18920c30709373	1	1013192	1
.04d6e78b80becfda75065f527f2f18920c30709373-slack	1	0	0
.04d7fb14d71827ee38977a2ec9d11d5c7708cc1760	1	259257	1
.04d7fb14d71827ee38977a2ec9d11d5c7708cc1760-slack	1	0	0
.04da6f53ee559b210814bd57b983b876d36b58b7e3	1	1838320	1
.04da6f53ee559b210814bd57b983b876d36b58b7e3-slack	1	0	0
.04db286ade4bb56e6f840040f23316764541e088fa	1	143831	1
.04db286ade4bb56e6f840040f23316764541e088fa-slack	1	0	0
.04db7bc162e9c41d03ec4e6aa014dd88d19339bb67	1	2468590	1
.04db7bc162e9c41d03ec4e6aa014dd88d19339bb67-slack	1	0	0
.04db9518915b17df286ef06af82363a4ec01588d4c	1	350661	1
.04db9518915b17df286ef06af82363a4ec01588d4c-slack	1	0	0
.04dcd350267c9b8f9c817545f370eccadb216aa51d	1	1433133	1
.04dcd350267c9b8f9c817545f370eccadb216aa51d-slack	1	0	0
.04dd8afd51d9b4090b3b9dfacf0bccddbe036df2ae	1	371796	1
.04dd8afd51d9b4090b3b9dfacf0bccddbe036df2ae-slack	1	0	0
.04dd8b058e5b49ff12125259505fabcfc7ac7ec4ef	1	1548683	1
.04dd8b058e5b49ff12125259505fabcfc7ac7ec4ef-slack	1	0	0
.04dde856e3959c031be11b0d778920ab5cfff59b14	1	2240993	1
.04dde856e3959c031be11b0d778920ab5cfff59b14-slack	1	0	0
.04de0e39ef43f78827d261ef6387d12715886fac94	1	402430	1
.04de0e39ef43f78827d261ef6387d12715886fac94-slack	1	0	0
.04de5e3f5d5f0a652eb35fe9c3d48f84d8f4aa078d	1	1695689	1
.04de5e3f5d5f0a652eb35fe9c3d48f84d8f4aa078d-slack	1	0	0
.04df13ab80eda7786949d20ca4fcd06da3ff59a8a0	1	51285	1
.04df13ab80eda7786949d20ca4fcd06da3ff59a8a0-slack	1	0	0
.04dfe9e2b93029f06def885b01d229376d255313b9	1	147031	1
.04dfe9e2b93029f06def885b01d229376d255313b9-slack	1	0	0
.04e02a3f04352fd22611ff4c4a22e8d9e51047c634	1	134867	1
.04e02a3f04352fd22611ff4c4a22e8d9e51047c634-slack	1	0	0
.04e1e0125b3aac16e2278904c342800deefc719a8b	1	1642835	1
.04e1e0125b3aac16e2278904c342800deefc719a8b-slack	1	0	0
.04e278c622951fc6378f5d614995fd7da3e29c9182	1	14292	1
.04e278c622951fc6378f5d614995fd7da3e29c9182-slack	1	0	0
.04e28a9e9eb98c067cfd6c7c651a5047a49880f4b5	1	2105910	1
.04e28a9e9eb98c067cfd6c7c651a5047a49880f4b5-slack	1	0	0
.04e3cc41fdca1ba7c4cad50d4312e4b1cbcd25ec45	1	636966	1
.04e3cc41fdca1ba7c4cad50d4312e4b1cbcd25ec45-slack	1	0	0
.04e3dcc6361d2dc1db4947161013c2916c6a952729	1	1246076	1
.04e3dcc6361d2dc1db4947161013c2916c6a952729-slack	1	0	0
.04e44a00d0bbc68bbfaab53dcf24d5a909961de92e	1	1832905	1
.04e44a00d0bbc68bbfaab53dcf24d5a909961de92e-slack	1	0	0
.04e4d1c80277163f3b42db2a3ae4a54d08fb8776e2	1	131146	1
.04e4d1c80277163f3b42db2a3ae4a54d08fb8776e2-slack	1	0	0
.04e72a9da0cac3b3a4c00f64f2b2c7520c770185d6	1	3407086	1
.04e72a9da0cac3b3a4c00f64f2b2c7520c770185d6-slack	1	0	0
.04e926b64d6740cb3ba8e21f55ea143f9b90ac2f1d	1	1477920	1
.04e926b64d6740cb3ba8e21f55ea143f9b90ac2f1d-slack	1	0	0
.04e95305a91dd7677d31b39c3488c5e0d92314807d	1	2578721	1
.04e95305a91dd7677d31b39c3488c5e0d92314807d-slack	1	0	0
.04ea46c614d0aa7f9be37d2c8c34b9f4699b78d84e	1	192423	1
.04ea46c614d0aa7f9be37d2c8c34b9f4699b78d84e-slack	1	0	0
.04ea53d772a351d236bd1ea0cf26132f2a20905b4a	1	101206	1
.04ea53d772a351d236bd1ea0cf26132f2a20905b4a-slack	1	0	0
.04ea78fe66e2182e26fc4df80fa8cc59c1b8de7057	1	1231848	1
.04ea78fe66e2182e26fc4df80fa8cc59c1b8de7057-slack	1	0	0
.04ebe5faaf15a203ee769baff952fcae8cfe660c86	1	516033	1
.04ebe5faaf15a203ee769baff952fcae8cfe660c86-slack	1	0	0
.04ec8f0d4b9b76f48f91b16899c690b567b1a22521	1	1850707	1
.04ec8f0d4b9b76f48f91b16899c690b567b1a22521-slack	1	0	0
.04eeb661dc60d7a0644b212032ad79445026c2c5e4	1	2780791	1
.04eeb661dc60d7a0644b212032ad79445026c2c5e4-slack	1	0	0
.04efb042f3a9c5cd7f40def23741016c44645233f1	1	3319427	1
.04efb042f3a9c5cd7f40def23741016c44645233f1-slack	1	0	0
.04f15b31d82ce04bc73f02c8648268c2306f2ea1ba	1	1359673	1
.04f15b31d82ce04bc73f02c8648268c2306f2ea1ba-slack	1	0	0
.04f1a97005d617fa5e3087da7701e0d671cb2df841	1	1078508	1
.04f1a97005d617fa5e3087da7701e0d671cb2df841-slack	1	0	0
.04f482568855d70be66902ab012cfc55fd8927da1d	1	32853710	1
.04f482568855d70be66902ab012cfc55fd8927da1d-slack	1	0	0
.04fa2a3d95ad9cf2d63e127a86cff7b6d1c7253c89	1	2439024	1
.04fa2a3d95ad9cf2d63e127a86cff7b6d1c7253c89-slack	1	0	0
.04fa519facaf176e290bf50cda718081e18c970065	1	2942425	1
.04fa519facaf176e290bf50cda718081e18c970065-slack	1	0	0
.04fb045230e8e36062ff3b927b4d8df98411be6584	1	6922475	1
.04fb045230e8e36062ff3b927b4d8df98411be6584-slack	1	0	0
.04fd3b057ad2ac3df6c05246f82a22ef559b912194	1	95507	1
.04fd3b057ad2ac3df6c05246f82a22ef559b912194-slack	1	0	0
.04ff61f2458ab9c26ec6a4ab41aebc635d9e88c30d	1	258716	1
.04ff61f2458ab9c26ec6a4ab41aebc635d9e88c30d-slack	1	0	0
.04ff6ac008db7c86c2ff2ada6d08a9c383cae3081b	1	66061	1
.04ff6ac008db7c86c2ff2ada6d08a9c383cae3081b-slack	1	0	0
.04ffb416b1a679bce01a4a65d2d3af7051a75d59b3	1	362500	1
.04ffb416b1a679bce01a4a65d2d3af7051a75d59b3-slack	1	0	0
.10	1	0	1
.11	1	13263	1
.11-slack	1	0	0
.12	1	4892	1
.12-slack	1	0	0
.121	1	4384764	1
.121-slack	1	0	0
.13	1	5858	1
.13-slack	1	0	0
.2017 copycopy	1	470363	1
.2017 copycopy-slack	1	0	0
.3	1	17605	1
.3-slack	1	0	0
.363296	1	0	0
.4	1	23162	1
.4-slack	1	0	0
.5-slack	1	0	0
.6	1	0	1
.6BywjHH	1	0	1
.7	1	0	1
.8	1	32191	1
.8-slack	1	0	0
.9	1	38826	1
.9-slack	1	0	0
.AAE	1	757	1
.AAE-slack	1	0	0
.ABPersonViewService	1	76	1
.ABPersonViewService-slack	1	0	0
.AKFollowUpServerUIExtension	1	82	1
.AKFollowUpServerUIExtension-slack	1	0	0
.AirPlayUIAgent	1	59	1
.AirPlayUIAgent-slack	1	0	0
.AmbientDisplayAgent	1	64	1
.AmbientDisplayAgent-slack	1	0	0
.Applications	1	70	1
.Applications-slack	1	0	0
.AssistantExtension	1	72	1
.AssistantExtension-slack	1	0	0
.BKAgentService	1	59	1
.BKAgentService-slack	1	0	0
.Cab	1	0	0
.CacheDelete	1	64	1
.CacheDelete-slack	1	0	0
.CacheDeleteExtension	1	72	1
.CacheDeleteExtension-slack	1	0	0
.CalNCService	1	78	1
.CalNCService-slack	1	0	0
.CalendarAgent	1	58	1
.CalendarAgent-slack	1	0	0
.CalendarFileHandler	1	64	1
.CalendarFileHandler-slack	1	0	0
.CalendarNC	1	60	1
.CalendarNC-slack	1	0	0
.CaptiveNetworkAssistant	1	68	1
.CaptiveNetworkAssistant-slack	1	0	0
.Chess	1	50	1
.Chess-slack	1	0	0
.Chrome-slack	1	0	0
.CloudPhotosConfiguration	1	69	1
.CloudPhotosConfiguration-slack	1	0	0
.ContactPickerService	1	76	1
.ContactPickerService-slack	1	0	0
.ContactsAccountsService	1	80	1
.ContactsAccountsService-slack	1	0	0
.ContactsAgent	1	58	1
.ContactsAgent-slack	1	0	0
.DataDetectorsActionService	1	71	1
.DataDetectorsActionService-slack	1	0	0
.DataDetectorsLocalSources	1	70	1
.DataDetectorsLocalSources-slack	1	0	0
.DataDetectorsViewService	1	69	1
.DataDetectorsViewService-slack	1	0	0
.DeepSyncVerificationService	1	77	1
.DeepSyncVerificationService-slack	1	0	0
.Dictionary	1	55	1
.Dictionary-slack	1	0	0
.DiskSpaceEfficiency	1	72	1
.DiskSpaceEfficiency-slack	1	0	0
.EntitlementsHelper	1	72	1
.EntitlementsHelper-slack	1	0	0
.FaceTime	1	53	1
.FaceTime-slack	1	0	0
.FileSearch	1	66	1
.FileSearch-slack	1	0	0
.FindMyFriends	1	67	1
.FindMyFriends-slack	1	0	0
.FinderSyncAPIExtension	1	80	1
.FinderSyncAPIExtension-slack	1	0	0
.FollowUpExtension	1	81	1
.FollowUpExtension-slack	1	0	0
.GIF	1	1378108	1
.GIF-slack	1	0	0
.GarageBand	1	68	1
.GarageBand-slack	1	0	0
.Grab	1	49	1
.Grab-slack	1	0	0
.HTMLConverter	1	64	1
.HTMLConverter-slack	1	0	0
.Home	1	49	1
.Home-slack	1	0	0
.IKEv2Provider	1	75	1
.IKEv2Provider-slack	1	0	0
.ImageConversionService	1	74	1
.ImageConversionService-slack	1	0	0
.IntentsExtension	1	70	1
.IntentsExtension-slack	1	0	0
.InternalFiltersXPC	1	63	1
.InternalFiltersXPC-slack	1	0	0
.KeyboardServicesHelper	1	77	1
.KeyboardServicesHelper-slack	1	0	0
.Keynote	1	58	1
.Keynote-slack	1	0	0
.LegacyExternalColorPickerService	1	88	1
.LegacyExternalColorPickerService-slack	1	0	0
.Lion	1	0	0
.LookupViewService	1	62	1
.LookupViewService-slack	1	0	0
.Mail	1	62	1
.Mail-slack	1	0	0
.MailServiceAgent	1	61	1
.MailServiceAgent-slack	1	0	0
.MapRenderingService	1	73	1
.MapRenderingService-slack	1	0	0
.Maps	1	49	1
.Maps-slack	1	0	0
.MarkupPhotoExtension	1	74	1
.MarkupPhotoExtension-slack	1	0	0
.Mdg0kOb	1	0	1
.MediaLibraryService	1	64	1
.MediaLibraryService-slack	1	0	0
.MobileDocumentsFileProvider	1	82	1
.MobileDocumentsFileProvider-slack	1	0	0
.NotesImporter	1	64	1
.NotesImporter-slack	1	0	0
.NowPlayingWidget	1	88	1
.NowPlayingWidget-slack	1	0	0
.NowPlayingWidgetContainer	1	71	1
.NowPlayingWidgetContainer-slack	1	0	0
.Numbers	1	58	1
.Numbers-slack	1	0	0
.OtherUsers	1	68	1
.OtherUsers-slack	1	0	0
.Pages	1	56	1
.Pages-slack	1	0	0
.Pass-Viewer	1	56	1
.Pass-Viewer-slack	1	0	0
.PassXPCService	1	59	1
.PassXPCService-slack	1	0	0
.PaymentAuthorizationUIExtension	1	84	1
.PaymentAuthorizationUIExtension-slack	1	0	0
.PhoneIntentHandler	1	82	1
.PhoneIntentHandler-slack	1	0	0
.PhotoBooth	1	55	1
.PhotoBooth-slack	1	0	0
.PhotoIngestService	1	63	1
.PhotoIngestService-slack	1	0	0
.PhotoLibraryMigrationUtility	1	73	1
.PhotoLibraryMigrationUtility-slack	1	0	0
.PhotoScapeX	1	61	1
.PhotoScapeX-slack	1	0	0
.PhotoThemeService	1	62	1
.PhotoThemeService-slack	1	0	0
.Photos	1	51	1
.Photos-slack	1	0	0
.PhotosExtension	1	77	1
.PhotosExtension-slack	1	0	0
.PluginXPCService	1	70	1
.PluginXPCService-slack	1	0	0
.PressAndHold	1	57	1
.PressAndHold-slack	1	0	0
.Preview	1	52	1
.Preview-slack	1	0	0
.QuickLookExtension	1	69	1
.QuickLookExtension-slack	1	0	0
.QuickLookUIService	1	73	1
.QuickLookUIService-slack	1	0	0
.QuickTimePlayerX	1	61	1
.QuickTimePlayerX-slack	1	0	0
.R4qQzxL	1	0	1
.RecentPictureService	1	74	1
.RecentPictureService-slack	1	0	0
.RemindersNC	1	66	1
.RemindersNC-slack	1	0	0
.SCNSceneLoader	1	68	1
.SCNSceneLoader-slack	1	0	0
.SSMenuAgent	1	56	1
.SSMenuAgent-slack	1	0	0
.Safari	1	51	1
.Safari-slack	1	0	0
.SafariQuickLookPreview	1	74	1
.SafariQuickLookPreview-slack	1	0	0
.SceneKitQLPreviewExtension	1	71	1
.SceneKitQLPreviewExtension-slack	1	0	0
.ScreenSharing	1	58	1
.ScreenSharing-slack	1	0	0
.SetDefaultsService	1	76	1
.SetDefaultsService-slack	1	0	0
.ShareExtension	1	68	1
.ShareExtension-slack	1	0	0
.SharingExtension	1	67	1
.SharingExtension-slack	1	0	0
.Shortcuts	1	97788	1
.Shortcuts-slack	1	0	0
.Siri	1	49	1
.Siri-slack	1	0	0
.SiriNCService	1	58	1
.SiriNCService-slack	1	0	0
.SiriTodayExtension	1	68	1
.SiriTodayExtension-slack	1	0	0
.SnowLeopard	1	0	0
.SocialPushAgent	1	60	1
.SocialPushAgent-slack	1	0	0
.SpotlightIndexExtension	1	74	1
.SpotlightIndexExtension-slack	1	0	0
.StorageManagement	1	78	1
.StorageManagement-slack	1	0	0
.TextEdit	1	53	1
.TextEdit-slack	1	0	0
.TranscriptRenderingService	1	80	1
.TranscriptRenderingService-slack	1	0	0
.Trash	1	63	1
.Trash-slack	1	0	0
.UIHelper	1	66	1
.UIHelper-slack	1	0	0
.UrlForwarder	1	69	1
.UrlForwarder-slack	1	0	0
.VideoConversionService	1	74	1
.VideoConversionService-slack	1	0	0
.VoiceMemos	1	55	1
.VoiceMemos-slack	1	0	0
.WeatherKitService	1	62	1
.WeatherKitService-slack	1	0	0
.WeatherSummary	1	80	1
.WeatherSummary-slack	1	0	0
.WhatsApp	1	51	1
.WhatsApp-slack	1	0	0
.WorldClock	1	64	1
.WorldClock-slack	1	0	0
.Y00nO7J	1	0	1
.aclcddb	1	53248	1
.aclcddb-shm	1	32768	1
.aclcddb-wal	1	3646232	1
.aclcddb-wal-slack	1	0	0
.activity	1	16	1
.activity-slack	1	0	0
.add-to-aperture	1	73	1
.add-to-aperture-slack	1	0	0
.add-to-iphoto	1	71	1
.add-to-iphoto-slack	1	0	0
.add-to-safari-reading-list	1	84	1
.add-to-safari-reading-list-slack	1	0	0
.adminarchive	1	135265	1
.adminarchive-slack	1	0	0
.amr (fcp2)	1	1716	1
.amr (fcp2)-slack	1	0	0
.amr (fcp3)	1	12426	1
.amr (fcp3)-slack	1	0	0
.appstore	1	53	1
.appstore-slack	1	0	0
.askpermissiond_aps_registered	1	0	1
.badgeCounts	1	104	1
.badgeCounts-slack	1	0	0
.bcck	1	622	1
.bcck-slack	1	0	0
.bluetooth	1	79	1
.bluetooth-slack	1	0	0
.btm	1	4237	1
.btm-slack	1	0	0
.buckets	1	0	0
.c40056U	1	0	1
.cache-shm	1	32768	1
.cache-wal	1	3427872	1
.cache-wal-slack	1	0	0
.cacheAssistant	1	77	1
.cacheAssistant-slack	1	0	0
.caf	1	53248	1
.cid	1	36	1
.cid-slack	1	0	0
.clientRegistrations	1	14053	1
.clientRegistrations-slack	1	0	0
.cloudphotodb	1	341815296	1
.cloudphotodb-shm	1	32768	1
.cloudphotodb-wal	1	3736872	1
.cloudphotodb-wal-slack	1	0	0
.cloudphotosd	1	57	1
.cloudphotosd-slack	1	0	0
.cmake	1	8192	1
.compose	1	63	1
.compose-back-to-sender	1	78	1
.compose-back-to-sender-slack	1	0	0
.compose-slack	1	0	0
.crx	1	450318	1
.crx-slack	1	0	0
.data-shm	1	32768	1
.data-wal	1	2735712	1
.data-wal-slack	1	0	0
.datastore	1	60	1
.datastore-slack	1	0	0
.datx	1	16655	1
.datx-slack	1	0	0
.directory	1	0	1
.donotpresent	1	0	0
.dontIndex	1	0	1
.dwg	1	1228683	1
.dwg-slack	1	0	0
.embedded	1	65	1
.embedded-slack	1	0	0
.emlx:DECOMP	1	0	0
.emlx:DECOMP-slack	1	0	0
.exr	1	272824	1
.exr-slack	1	0	0
.extension	1	66	1
.extension-slack	1	0	0
.favoritesStorage	1	29014	1
.favoritesStorage-slack	1	0	0
.fcpcache	1	1	1
.fcpcache-slack	1	0	0
.filevault	1	79	1
.filevault-slack	1	0	0
.fl34AC2A0A	1	0	1
.flC23220F1	1	0	1
.flag	1	0	1
.flexolibrary	1	98304	1
.fone toolkit for iOS	1	5104080	1
.fone toolkit for iOS-slack	1	0	0
.fone-Transfer	1	5988272	1
.fone-Transfer-slack	1	0	0
.fsck	1	1024	1
.fsck-slack	1	0	0
.gWjXMWO	1	0	1
.garageband10	1	57	1
.garageband10-slack	1	0	0
.gcmodel	1	3363	1
.gcmodel-slack	1	0	0
.geod	1	49	1
.geod-slack	1	0	0
.getmobilityinfo	1	85	1
.getmobilityinfo-slack	1	0	0
.gkpix	1	25628	1
.gkpix-slack	1	0	0
.grapher	1	52	1
.grapher-slack	1	0	0
.header	1	0	0
.header-slack	1	0	0
.heard	1	64	1
.heard-slack	1	0	0
.helper	1	64	1
.helper-slack	1	0	0
.helperservice	1	70	1
.helperservice-slack	1	0	0
.historyEntriesStorage	1	181858	1
.historyEntriesStorage-slack	1	0	0
.hpp	1	16001	1
.hpp-slack	1	0	0
.htc	1	40769	1
.htc-slack	1	0	0
.iBooksX	1	52	1
.iBooksX-SecureUserDefaults	1	71	1
.iBooksX-SecureUserDefaults-slack	1	0	0
.iBooksX-slack	1	0	0
.iChat	1	50	1
.iChat-slack	1	0	0
.iLife-Slideshow-Extension	1	82	1
.iLife-Slideshow-Extension-slack	1	0	0
.iMovieApp	1	54	1
.iMovieApp-slack	1	0	0
.iOSFiles	1	66	1
.iOSFiles-slack	1	0	0
.iTunesCacheExtension	1	65	1
.iTunesCacheExtension-slack	1	0	0
.iTunesStorageExtension	1	67	1
.iTunesStorageExtension-slack	1	0	0
.in	1	1563	1
.in-slack	1	0	0
.installlog	1	80	1
.installlog-slack	1	0	0
.invite	1	70	1
.invite-slack	1	0	0
.iphone11	1	0	0
.iphone9	1	0	0
.itdb	1	12288	1
.journal	1	0	0
.journal_info_block	1	0	0
.kb	1	1472	1
.kb-slack	1	0	0
.languageassetd	1	59	1
.languageassetd-slack	1	0	0
.lateragent	1	55	1
.lateragent-slack	1	0	0
.lock-info	1	374	1
.lock-info-slack	1	0	0
.mail	1	49	1
.mail-slack	1	0	0
.mapsdata	1	203846	1
.mapsdata-slack	1	0	0
.mboxtocsv	1	56	1
.mboxtocsv-slack	1	0	0
.mediaaccessibilityd	1	78	1
.mediaaccessibilityd-slack	1	0	0
.mediaanalysisd	1	59	1
.mediaanalysisd-slack	1	0	0
.meta	1	5356	1
.meta-slack	1	0	0
.mirrorforsamsungtv	1	64	1
.mirrorforsamsungtv-slack	1	0	0
.model	1	4888	1
.model-slack	1	0	0
.modified	1	0	0
.moduleLayout	1	33666	1
.moduleLayout-slack	1	0	0
.mpn	1	707798	1
.mpn-slack	1	0	0
.multipartmime	1	769	1
.multipartmime-slack	1	0	0
.ncx	1	1956	1
.ncx-slack	1	0	0
.normalizerd	1	62	1
.normalizerd-slack	1	0	0
.offsets	1	0	0
.offsets-slack	1	0	0
.opf	1	2987	1
.opf-slack	1	0	0
.osx-tailspin	1	57	1
.osx-tailspin-slack	1	0	0
.pdfreader-mac	1	63	1
.pdfreader-mac-slack	1	0	0
Ü	1	0	0
.photoanalysisd-slack	1	0	0
.photolibraryd	1	58	1
.photolibraryd-slack	1	0	0
.photomodel	1	55	1
.photomodel-slack	1	0	0
.photomoments	1	57	1
.photomoments-slack	1	0	0
.pivtoken	1	68	1
.pivtoken-slack	1	0	0
.pluginformatreader	1	73	1
.pluginformatreader-slack	1	0	0
.pnrs	1	3803925	1
.pnrs-slack	1	0	0
.recentsd	1	65	1
.recentsd-slack	1	0	0
.reg	1	224	1
.reg-slack	1	0	0
.reminders	1	54	1
.reminders-slack	1	0	0
.resources	1	2274	1
.resources-slack	1	0	0
.routined	1	53	1
.routined-slack	1	0	0
.safari	1	76	1
.safari-slack	1	0	0
.safariextz	1	4820417	1
.safariextz-slack	1	0	0
.savedSearch	1	7882	1
.savedSearch-slack	1	0	0
.searchindexcache	1	137216	1
.searchindexcache-slack	1	0	0
.send	1	63	1
.send-slack	1	0	0
.serverstore	1	261	1
.serverstore-slack	1	0	0
.set-account-picture	1	77	1
.set-account-picture-slack	1	0	0
.set-desktop-image	1	75	1
.set-desktop-image-slack	1	0	0
.setoken	1	67	1
.setoken-slack	1	0	0
.soagent	1	52	1
.soagent-slack	1	0	0
.spotlight	1	79	1
.spotlight-slack	1	0	0
.spx	1	0	0
.sqlite3-journal	1	0	1
.sqlitedb-journal	1	0	1
.stats	1	181	1
.stats-slack	1	0	0
.store-shm	1	32768	1
.store-wal	1	0	1
.syncconflict	1	241	1
.syncconflict-slack	1	0	0
.syslog	1	76	1
.syslog-slack	1	0	0
.systemprofile	1	83	1
.systemprofile-slack	1	0	0
.ticketstore	1	1106	1
.ticketstore-slack	1	0	0
.time	1	395	1
.time-slack	1	0	0
.timemachine	1	81	1
.timemachine-slack	1	0	0
.tmp	1	306	1
.tmp-slack	1	0	0
.tonelibraryd	1	57	1
.tonelibraryd-slack	1	0	0
.usercache	1	1532	1
.usercache-slack	1	0	0
.v8lax5I	1	0	1
.vault	1	62	1
.vault-slack	1	0	0
.version	1	3	1
.version-slack	1	0	0
.vnlfw	1	0	0
.voc	1	104796160	1
.weather	1	52	1
.weather-slack	1	0	0
.wifi	1	74	1
.wifi-slack	1	0	0
.woa_wa_getBag?ix=1	1	37451	1
.woa_wa_getBag?ix=1-slack	1	0	0
.xpgt	1	2273	1
.xpgt-slack	1	0	0
.photoanalysisd	1	59	1
.	1	0	0
.0 2	1	73493	1
.0 2-slack	1	0	0
.00008020-0014716A2282002E	1	40	1
.00008020-0014716A2282002E-slack	1	0	0
.01005b00bd84bf6629b315fbf698ed212ceafc985d	1	18029	1
.01005b00bd84bf6629b315fbf698ed212ceafc985d-slack	1	0	0
.01035764e84323090505ec12071db2f0438c4de47d	1	11552	1
.01035764e84323090505ec12071db2f0438c4de47d-slack	1	0	0
.010cfb7d3fd10fa04b745f5ffacfe8edbde2cd3db0	1	450	1
.010cfb7d3fd10fa04b745f5ffacfe8edbde2cd3db0-slack	1	0	0
.010d30603f1e8d83404eebfe10b5b570c1c0b9839f	1	450	1
.010d30603f1e8d83404eebfe10b5b570c1c0b9839f-slack	1	0	0
.010f1aafc00ccf260a5a36a48217fba62960be310a	1	203	1
.010f1aafc00ccf260a5a36a48217fba62960be310a-slack	1	0	0
.01104fc792aacf26fe0159f6951506395ee112235c	1	203	1
.01104fc792aacf26fe0159f6951506395ee112235c-slack	1	0	0
.01134e0a1d212c09b96b97c302515c2ca8cb6fc193	1	203	1
.01134e0a1d212c09b96b97c302515c2ca8cb6fc193-slack	1	0	0
.0113a0fd07546f1f23b918a4e5802e6ba8420a8219	1	499	1
.0113a0fd07546f1f23b918a4e5802e6ba8420a8219-slack	1	0	0
.0115f31f08232b5af5c2498b678b3fc2cde1d5a2fb	1	28422	1
.0115f31f08232b5af5c2498b678b3fc2cde1d5a2fb-slack	1	0	0
.01164bb730ef50e9476d3b1200ea65151da899b72b	1	4020	1
.01164bb730ef50e9476d3b1200ea65151da899b72b-slack	1	0	0
.0116937ca8fbd97d768d48d09d8cb72fd2c4a14044	1	393	1
.0116937ca8fbd97d768d48d09d8cb72fd2c4a14044-slack	1	0	0
.0117229f0f206ebd05c42e4673802d843634832477	1	53	1
.0117229f0f206ebd05c42e4673802d843634832477-slack	1	0	0
.01187a27f9720414abad6164709adc1521fe31dbac	1	150	1
.01187a27f9720414abad6164709adc1521fe31dbac-slack	1	0	0
.011b71109f04a3e688f75754914b50743f43728e26	1	310086	1
.011b71109f04a3e688f75754914b50743f43728e26-slack	1	0	0
.011fc0ac0a1b2c9402f93a0b24dc7b24858487f805	1	256	1
.011fc0ac0a1b2c9402f93a0b24dc7b24858487f805-slack	1	0	0
.0126b9eec908cdc9f249ac61416eaccdc45450827c	1	393	1
.0126b9eec908cdc9f249ac61416eaccdc45450827c-slack	1	0	0
.012b09276298c4e830bd28c8a9492e05ae3bbc8d54	1	393	1
.012b09276298c4e830bd28c8a9492e05ae3bbc8d54-slack	1	0	0
.013286de4c0edbe171518852a7524654a03b2103b3	1	256	1
.013286de4c0edbe171518852a7524654a03b2103b3-slack	1	0	0
.0135a366a81981c214caad8e6778aa32b5e53c9e45	1	203	1
.0135a366a81981c214caad8e6778aa32b5e53c9e45-slack	1	0	0
.0136837168a86dfba319092341867fa780dd6f2c03	1	310086	1
.0136837168a86dfba319092341867fa780dd6f2c03-slack	1	0	0
.0139c1dbd0f872a73cf5218e7200d70943d80b82a7	1	331	1
.0139c1dbd0f872a73cf5218e7200d70943d80b82a7-slack	1	0	0
.013c2ee2e9a4f4bdfab61b2836eef9b59b2886a44d	1	331	1
.013c2ee2e9a4f4bdfab61b2836eef9b59b2886a44d-slack	1	0	0
.01401711ce93acca037800e8746702af5980cb0e36	1	106	1
.01401711ce93acca037800e8746702af5980cb0e36-slack	1	0	0
.0140936c4b48100633757a50460b5b4d62cdfb486c	1	203	1
.0140936c4b48100633757a50460b5b4d62cdfb486c-slack	1	0	0
.0141577198d7b3fefca78ddc26c1cc71449b62a9d7	1	248	1
.0141577198d7b3fefca78ddc26c1cc71449b62a9d7-slack	1	0	0
.0142b4b80e665a18616b02264f775b953f12e45f4a	1	150	1
.0142b4b80e665a18616b02264f775b953f12e45f4a-slack	1	0	0
.01432fc0a350ee5b4386212ab37b1517bc4ae42370	1	393	1
.01432fc0a350ee5b4386212ab37b1517bc4ae42370-slack	1	0	0
.014632d807ff9f8aa940c7d433f265f05e4c2b6832	1	6492	1
.014632d807ff9f8aa940c7d433f265f05e4c2b6832-slack	1	0	0
.0146538157a77f48101e9ca1e30dc34da174e04bc2	1	111	1
.0146538157a77f48101e9ca1e30dc34da174e04bc2-slack	1	0	0
.014a0d5ba9649d1d58833e88ce17d55468f1a9334d	1	203	1
.014a0d5ba9649d1d58833e88ce17d55468f1a9334d-slack	1	0	0
.014b3486cebfd99f13d0dda814abc6fe34588f8448	1	203	1
.014b3486cebfd99f13d0dda814abc6fe34588f8448-slack	1	0	0
.014fd32f658b0b835b458203a41a9afd4017157d31	1	23909	1
.014fd32f658b0b835b458203a41a9afd4017157d31-slack	1	0	0
.015095ed69f8925c95935231fb4c095554fcfeed0c	1	203	1
.015095ed69f8925c95935231fb4c095554fcfeed0c-slack	1	0	0
.0150f0feea3cf7071935c322c6b6fb7ee18985c696	1	310086	1
.0150f0feea3cf7071935c322c6b6fb7ee18985c696-slack	1	0	0
.015146cfbce55f9dcac03240a9dd1e3d25fbf1f988	1	203	1
.015146cfbce55f9dcac03240a9dd1e3d25fbf1f988-slack	1	0	0
.01523b177f6b045b3de368f076298d6894592793e8	1	4020	1
.01523b177f6b045b3de368f076298d6894592793e8-slack	1	0	0
.01528a0463b4d08b846afaa9a69d7a120e182f7c81	1	203	1
.01528a0463b4d08b846afaa9a69d7a120e182f7c81-slack	1	0	0
.0152e446bffb0540c360d03e8996511b180c8be795	1	256	1
.0152e446bffb0540c360d03e8996511b180c8be795-slack	1	0	0
.015444a78bd45fb9b8d6b3faa5c4636c057dd29776	1	344709	1
.015444a78bd45fb9b8d6b3faa5c4636c057dd29776-slack	1	0	0
.0156656b44a4986b9b6cab1f545dcc06285406c643	1	450	1
.0156656b44a4986b9b6cab1f545dcc06285406c643-slack	1	0	0
.015b959d8b168b2558023926dd6e8056e56f798c90	1	310086	1
.015b959d8b168b2558023926dd6e8056e56f798c90-slack	1	0	0
.015d48d244507b3919e3702d833a287f1c13dc8b7d	1	171	1
.015d48d244507b3919e3702d833a287f1c13dc8b7d-slack	1	0	0
.0162b15b6724b766c56137a23171352dbf3d7cbf48	1	18692	1
.0162b15b6724b766c56137a23171352dbf3d7cbf48-slack	1	0	0
.0163f45ee8e317fb9b130e19e383d7d323f5dbb699	1	256	1
.0163f45ee8e317fb9b130e19e383d7d323f5dbb699-slack	1	0	0
.0164dda48ccc8979714b24bc8471c74445e60d1e26	1	393	1
.0164dda48ccc8979714b24bc8471c74445e60d1e26-slack	1	0	0
.01658979108ba42073cb8fa8cf31296bcf2e07fa7b	1	24646	1
.01658979108ba42073cb8fa8cf31296bcf2e07fa7b-slack	1	0	0
.01660658152b664874e37099f44ae966ac04ec4d4c	1	479	1
.01660658152b664874e37099f44ae966ac04ec4d4c-slack	1	0	0
.0169a38bdcb1129c22b8fffac3bb0fc9c3e70a0c94	1	381	1
.0169a38bdcb1129c22b8fffac3bb0fc9c3e70a0c94-slack	1	0	0
.016d065dcd9f2f4b3eea2a2b25930f52c70ce8a2f9	1	848	1
.016d065dcd9f2f4b3eea2a2b25930f52c70ce8a2f9-slack	1	0	0
.016db5d6e82d68e4d70cdf085f8d6b9854717485d9	1	256	1
.016db5d6e82d68e4d70cdf085f8d6b9854717485d9-slack	1	0	0
.016e491618afce9b1fb6acc226acbd1d7c962202ac	1	393	1
.016e491618afce9b1fb6acc226acbd1d7c962202ac-slack	1	0	0
.01706918985f5d224a20794c05a93d98788d06fb60	1	203	1
.01706918985f5d224a20794c05a93d98788d06fb60-slack	1	0	0
.017070764917ef2041be87494441401dfa5dc6f609	1	254	1
.017070764917ef2041be87494441401dfa5dc6f609-slack	1	0	0
.01784310f4f060142bee395a4ec953b34faab8f64b	1	271948	1
.01784310f4f060142bee395a4ec953b34faab8f64b-slack	1	0	0
.017a297eb794eea3ed5edf62d46dbe74ca4d5b29ca	1	450	1
.017a297eb794eea3ed5edf62d46dbe74ca4d5b29ca-slack	1	0	0
.017b24d7760ada0cc6f7f7b1a023e8d63bea67812f	1	3720	1
.017b24d7760ada0cc6f7f7b1a023e8d63bea67812f-slack	1	0	0
.017ea68747952c04e85adef508f995b9b0eee73dd5	1	256	1
.017ea68747952c04e85adef508f995b9b0eee73dd5-slack	1	0	0
.017fec34584875a4e16dbf825ee0ce1da64c39617e	1	256	1
.017fec34584875a4e16dbf825ee0ce1da64c39617e-slack	1	0	0
.0186887fced9a068a7fbfd1fb95ed3931ae3345d7a	1	331	1
.0186887fced9a068a7fbfd1fb95ed3931ae3345d7a-slack	1	0	0
.0186b3d84ae8dab1f30a45e830acb1fb7c2aa4b7c3	1	203	1
.0186b3d84ae8dab1f30a45e830acb1fb7c2aa4b7c3-slack	1	0	0
.018775efc3806b7a4eab195acf0fb13a6a1060bdf7	1	203	1
.018775efc3806b7a4eab195acf0fb13a6a1060bdf7-slack	1	0	0
.0188f98d33e62009fac60da95a8dc5937d285d5aa4	1	292	1
.0188f98d33e62009fac60da95a8dc5937d285d5aa4-slack	1	0	0
.018bc2c1967e473637d015ef49ad2cbb8298157d72	1	256	1
.018bc2c1967e473637d015ef49ad2cbb8298157d72-slack	1	0	0
.018c1306a95bdaf1c5b44c01032320a11bf185ce45	1	203	1
.018c1306a95bdaf1c5b44c01032320a11bf185ce45-slack	1	0	0
.0190fa31fd0674df9f3f5aef717b8c072ba5ac8d80	1	271948	1
.0190fa31fd0674df9f3f5aef717b8c072ba5ac8d80-slack	1	0	0
.0198350139e4bf84f5250a6c4ff2bb5fce2ff20751	1	344709	1
.0198350139e4bf84f5250a6c4ff2bb5fce2ff20751-slack	1	0	0
.0199ff76c823b9693b4b75bbbb1907b8ffe940f9b5	1	27348	1
.0199ff76c823b9693b4b75bbbb1907b8ffe940f9b5-slack	1	0	0
.019a13f6f5eee1fae182b023ab7672af7358f7d801	1	393	1
.019a13f6f5eee1fae182b023ab7672af7358f7d801-slack	1	0	0
.019e2cbd251dc051b7cbd0d32bc2699ce296073930	1	245	1
.019e2cbd251dc051b7cbd0d32bc2699ce296073930-slack	1	0	0
.01a058e5131ec711dda8c7b7cae3d7f09633893d37	1	106	1
.01a058e5131ec711dda8c7b7cae3d7f09633893d37-slack	1	0	0
.01a1b42cecdfbd0fc7fa6cf3b8ea79b804794019da	1	203	1
.01a1b42cecdfbd0fc7fa6cf3b8ea79b804794019da-slack	1	0	0
.01a1e37d55423850d0839882eb045db4a7d89a0d80	1	203	1
.01a1e37d55423850d0839882eb045db4a7d89a0d80-slack	1	0	0
.01aa677dc4c6b7523c08d3ca0a5769ced4463b0016	1	210	1
.01aa677dc4c6b7523c08d3ca0a5769ced4463b0016-slack	1	0	0
.01ab1a6f5df2f65c521fa79e6cb4801dfecff1de01	1	1351	1
.01ab1a6f5df2f65c521fa79e6cb4801dfecff1de01-slack	1	0	0
.01ad3bb727b8ca0f4d1a31d8f70256dfd963b30e44	1	143	1
.01ad3bb727b8ca0f4d1a31d8f70256dfd963b30e44-slack	1	0	0
.01ade48f04c298c11159201c6467e3724d1fc81fd8	1	5884	1
.01ade48f04c298c11159201c6467e3724d1fc81fd8-slack	1	0	0
.01b26d6a9632d91c8b6549977212bebb6339718b4e	1	19533	1
.01b26d6a9632d91c8b6549977212bebb6339718b4e-slack	1	0	0
.01b703f894aa665d77d3a5b028fe83806d87e56b68	1	203	1
.01b703f894aa665d77d3a5b028fe83806d87e56b68-slack	1	0	0
.01bc078f0fa529b4b88b93c13644a246a9a330eb7b	1	1351	1
.01bc078f0fa529b4b88b93c13644a246a9a330eb7b-slack	1	0	0
.01bfbc5ab48d86f3a55c57545dbbdc2a761a9f620f	1	393	1
.01bfbc5ab48d86f3a55c57545dbbdc2a761a9f620f-slack	1	0	0
.01c7eacd832014e1e3a241f1727ca8e3dfac2a23c6	1	203	1
.01c7eacd832014e1e3a241f1727ca8e3dfac2a23c6-slack	1	0	0
.01c8ca0230b994fd7a65e2c6eab8899324c8cc3579	1	331	1
.01c8ca0230b994fd7a65e2c6eab8899324c8cc3579-slack	1	0	0
.01cd30f34461fd68364709d8a18c664f956f11bba8	1	310086	1
.01cd30f34461fd68364709d8a18c664f956f11bba8-slack	1	0	0
.01cf6798bd2d490b03ffdaf1ac32e6e50d8ff7120b	1	3720	1
.01cf6798bd2d490b03ffdaf1ac32e6e50d8ff7120b-slack	1	0	0
.01d06bc836ed19b12571972599d2726554d38b55ed	1	450	1
.01d06bc836ed19b12571972599d2726554d38b55ed-slack	1	0	0
.01d24dddfd5b40e4a5ef836b399f6fab173247e31c	1	203	1
.01d24dddfd5b40e4a5ef836b399f6fab173247e31c-slack	1	0	0
.01d7aeb692189d9d0d436dc1d8b9a528732a7ff44e	1	27446	1
.01d7aeb692189d9d0d436dc1d8b9a528732a7ff44e-slack	1	0	0
.01dcceaf4e270ffad3fc9f818653bd767ee9f40f93	1	106	1
.01dcceaf4e270ffad3fc9f818653bd767ee9f40f93-slack	1	0	0
.01e63c3b13cee2a5c53708c5f0d31f25fddbe05c47	1	106	1
.01e63c3b13cee2a5c53708c5f0d31f25fddbe05c47-slack	1	0	0
.01e90c334d818f9c36aa075943114bc0d9cc362a8c	1	256	1
.01e90c334d818f9c36aa075943114bc0d9cc362a8c-slack	1	0	0
.01ea8c9bde64af5a6118deb2be034752e73f9f5210	1	310086	1
.01ea8c9bde64af5a6118deb2be034752e73f9f5210-slack	1	0	0
.01edd9321c4b8926f08cbe1cb8632505f17b390877	1	499	1
.01edd9321c4b8926f08cbe1cb8632505f17b390877-slack	1	0	0
.01f045149ba6f6af2df4cdc1d392c99709a020125a	1	203	1
.01f045149ba6f6af2df4cdc1d392c99709a020125a-slack	1	0	0
.01f3543f0cd12e8da5e7c56ef5e3cd704c2e308694	1	1351	1
.01f3543f0cd12e8da5e7c56ef5e3cd704c2e308694-slack	1	0	0
.01f7747f9dbaa895540e453f751c201e632ee3981c	1	4020	1
.01f7747f9dbaa895540e453f751c201e632ee3981c-slack	1	0	0
.01f8187a8c2df5816178f5a99063ff9e8841313677	1	310086	1
.01f8187a8c2df5816178f5a99063ff9e8841313677-slack	1	0	0
.01f96a28fa93a142367538508e1f70cebe00b2489a	1	450	1
.01f96a28fa93a142367538508e1f70cebe00b2489a-slack	1	0	0
.01f9978d98f59b1425b3c88e7cdfe23bb2c7c93df9	1	328	1
.01f9978d98f59b1425b3c88e7cdfe23bb2c7c93df9-slack	1	0	0
.01feb9465448d03956c17761340069f60ff2573e26	1	203	1
.01feb9465448d03956c17761340069f60ff2573e26-slack	1	0	0
.04013f634458ebe0d9ac6ffeed24b4773c7d97970f	1	397286	1
.04013f634458ebe0d9ac6ffeed24b4773c7d97970f-slack	1	0	0
.0401b13ced6c66b58c7164b1bef0ae8b2f4d802a71	1	25739068	1
.0401b13ced6c66b58c7164b1bef0ae8b2f4d802a71-slack	1	0	0
.0403f7f80a99941bbbce3734d233d09d12beb93629	1	1290760	1
.0403f7f80a99941bbbce3734d233d09d12beb93629-slack	1	0	0
.0406e6ab44b38be0d9836ffc411e9b4e4cbf185690	1	1907418	1
.0406e6ab44b38be0d9836ffc411e9b4e4cbf185690-slack	1	0	0
.0407abb1e18f50f712157448c23b5bf2058a112dd8	1	22528	1
.0407abb1e18f50f712157448c23b5bf2058a112dd8-slack	1	0	0
.0408240af8820b4a10583cd0a61eb5dbddcb051246	1	1874014	1
.0408240af8820b4a10583cd0a61eb5dbddcb051246-slack	1	0	0
.04088e67615397bf37830eb6d4ccef0372627bea61	1	806743	1
.04088e67615397bf37830eb6d4ccef0372627bea61-slack	1	0	0
.0408e4c8f7394b464a5e198303f0b8626639ec0ac6	1	1566763	1
.0408e4c8f7394b464a5e198303f0b8626639ec0ac6-slack	1	0	0
.0409a87185864f6a1e2cef26ddb4e8927190e3ae9f	1	286142	1
.0409a87185864f6a1e2cef26ddb4e8927190e3ae9f-slack	1	0	0
.040b47755da4c64e0a427ec57133324a6ce0589463	1	812673	1
.040b47755da4c64e0a427ec57133324a6ce0589463-slack	1	0	0
.040b783d36e74a8fb27c8117b68aed7ef491fc65f8	1	1739635	1
.040b783d36e74a8fb27c8117b68aed7ef491fc65f8-slack	1	0	0
.040cbaafefcd65305ea9f68622304111c242b7494f	1	16495	1
.040cbaafefcd65305ea9f68622304111c242b7494f-slack	1	0	0
.040daf218c53c4257b44b918107ce956b833d7f36c	1	394043	1
.040daf218c53c4257b44b918107ce956b833d7f36c-slack	1	0	0
.040e6c653b80900881d43d61b53a2238cde0a8f1c8	1	341879	1
.040e6c653b80900881d43d61b53a2238cde0a8f1c8-slack	1	0	0
.040e7d9edfae475383186da9e6608ec273d9db7605	1	1055994	1
.040e7d9edfae475383186da9e6608ec273d9db7605-slack	1	0	0
.04114e40b6c9893b15901d6e1ef86bb66993a61622	1	674091	1
.04114e40b6c9893b15901d6e1ef86bb66993a61622-slack	1	0	0
.04154479e9ce45db0f62a307cbd2707144e3b8433e	1	1809774	1
.04154479e9ce45db0f62a307cbd2707144e3b8433e-slack	1	0	0
.0415d05d8656f7e706011e8f71d174f5b1a54c4478	1	497689	1
.0415d05d8656f7e706011e8f71d174f5b1a54c4478-slack	1	0	0
.04161eaefd4c16f3b76b48de04cbe6dfc4edd96ddb	1	2626878	1
.04161eaefd4c16f3b76b48de04cbe6dfc4edd96ddb-slack	1	0	0
.041897f89cf6f0669cf8095082073cff6f066e0fae	1	1739261	1
.041897f89cf6f0669cf8095082073cff6f066e0fae-slack	1	0	0
.041ccd801468a51ffbca3c77d2328ad47e31f2580b	1	4240178	1
.041ccd801468a51ffbca3c77d2328ad47e31f2580b-slack	1	0	0
.041d576beaddfb8d077d45b04859584488340c020c	1	100969	1
.041d576beaddfb8d077d45b04859584488340c020c-slack	1	0	0
.041e8a2edfee0ed91b97efad9b98fa4b31da78e0f4	1	302864	1
.041e8a2edfee0ed91b97efad9b98fa4b31da78e0f4-slack	1	0	0
.041f042f000426ef7abc890162c5221118963fd09e	1	2378948	1
.041f042f000426ef7abc890162c5221118963fd09e-slack	1	0	0
.0422a2ee79f416e8646d767e2142d410c6452748a6	1	453791	1
.0422a2ee79f416e8646d767e2142d410c6452748a6-slack	1	0	0
.0423c098f2232059e6fa27f14dd6544e3844a036e4	1	115924	1
.0423c098f2232059e6fa27f14dd6544e3844a036e4-slack	1	0	0
.0424e89d611010513827f354f585839569d5476b1d	1	2982939	1
.0424e89d611010513827f354f585839569d5476b1d-slack	1	0	0
.042734e8d0bbb1479f841b1a5efe2820ae71494fd1	1	122166	1
.042734e8d0bbb1479f841b1a5efe2820ae71494fd1-slack	1	0	0
.0427bfb5fe4468ddda0aa2c5f1eabd2968e70a6369	1	4014357	1
.0427bfb5fe4468ddda0aa2c5f1eabd2968e70a6369-slack	1	0	0
.0428911e558b32c8570c4f6b0791ad2cff591a8f8d	1	109296	1
.0428911e558b32c8570c4f6b0791ad2cff591a8f8d-slack	1	0	0
.042903c8c537b3386000334c51497b2c0ee8dccf62	1	2067868	1
.042903c8c537b3386000334c51497b2c0ee8dccf62-slack	1	0	0
.0429951501077760202f976414c72e35c6e6f9d8eb	1	3822301	1
.0429951501077760202f976414c72e35c6e6f9d8eb-slack	1	0	0
.042996fce87705f2ea0cb28f77a2ef701c125edb36	1	2597210	1
.042996fce87705f2ea0cb28f77a2ef701c125edb36-slack	1	0	0
.042aadb38d0caa5fbadd4f3242495a33f9a51970a3	1	147400	1
.042aadb38d0caa5fbadd4f3242495a33f9a51970a3-slack	1	0	0
.042cfc38d980dd723864e7fa4cf7f16c3161b4331a	1	4195492	1
.042cfc38d980dd723864e7fa4cf7f16c3161b4331a-slack	1	0	0
.042e930df9583634202dba64513b756f790e66a909	1	1384822	1
.042e930df9583634202dba64513b756f790e66a909-slack	1	0	0
.0430c2b517bac4c4dded223ac74f582e9e5aa2d46c	1	3339625	1
.0430c2b517bac4c4dded223ac74f582e9e5aa2d46c-slack	1	0	0
.04314ec69faa3828ea23a83bbfb850d95aac20ef66	1	477710	1
.04314ec69faa3828ea23a83bbfb850d95aac20ef66-slack	1	0	0
.0432244eeaa5937e7f21e2616c9df7b017ac81717e	1	1927282	1
.0432244eeaa5937e7f21e2616c9df7b017ac81717e-slack	1	0	0
.043425b2e827f521021f058b64eab544e584da650a	1	2557104	1
.043425b2e827f521021f058b64eab544e584da650a-slack	1	0	0
.0434ed06d5158bb70c6ae5512f07d3270f2aa03166	1	8801031	1
.0434ed06d5158bb70c6ae5512f07d3270f2aa03166-slack	1	0	0
.0435a1ab97442951ffc07c1b5247fdc5207e47fad6	1	220997	1
.0435a1ab97442951ffc07c1b5247fdc5207e47fad6-slack	1	0	0
.04367611d79223b9d0d7ae160315035695052aefed	1	1865603	1
.04367611d79223b9d0d7ae160315035695052aefed-slack	1	0	0
.04392976e8300cf78f123a1ad481e12aafad92d839	1	851469	1
.04392976e8300cf78f123a1ad481e12aafad92d839-slack	1	0	0
.043a72bd0d74645996634f617c69b7d8dda02b07df	1	384140	1
.043a72bd0d74645996634f617c69b7d8dda02b07df-slack	1	0	0
.043c020033c867e9c7e55239646ab955c7ca224af4	1	235159	1
.043c020033c867e9c7e55239646ab955c7ca224af4-slack	1	0	0
.043ce2e9e10d2727e5d1194f509e19abbec6f622b6	1	1270597	1
.043ce2e9e10d2727e5d1194f509e19abbec6f622b6-slack	1	0	0
.043d8475430fe15abd2e852693c063881200b9ca03	1	1731856	1
.043d8475430fe15abd2e852693c063881200b9ca03-slack	1	0	0
.043ecf45ed156067790d58f837134282c550ba2661	1	421945	1
.043ecf45ed156067790d58f837134282c550ba2661-slack	1	0	0
.043fd795f7e777c25796cf2e61573caede22c10e84	1	2600763	1
.043fd795f7e777c25796cf2e61573caede22c10e84-slack	1	0	0
.04410c274e5378313e78f148a39c1701fd4df8d778	1	334223	1
.04410c274e5378313e78f148a39c1701fd4df8d778-slack	1	0	0
.04419fe1547921973c2cbd065ebde74f9b61b90cf4	1	2518388	1
.04419fe1547921973c2cbd065ebde74f9b61b90cf4-slack	1	0	0
.0441cae3418c95b05f3a3d22849079329378fcd2fa	1	306716	1
.0441cae3418c95b05f3a3d22849079329378fcd2fa-slack	1	0	0
.0442283e446b90be46008b1b40ff9e88e7d5bb482c	1	264154	1
.0442283e446b90be46008b1b40ff9e88e7d5bb482c-slack	1	0	0
.0443722509faa552da298066f94298d9cc521815bf	1	2054819	1
.0443722509faa552da298066f94298d9cc521815bf-slack	1	0	0
.0444496a2ffbf905fbba95ecf951204487ed03cd23	1	2538580	1
.0444496a2ffbf905fbba95ecf951204487ed03cd23-slack	1	0	0
.0444bca7591cbccac6fd95e1f7e7bb8f660af256e8	1	295389	1
.0444bca7591cbccac6fd95e1f7e7bb8f660af256e8-slack	1	0	0
.0448fcf353d9713d5734877bd6bd0d71d25b3671dd	1	2003591	1
.0448fcf353d9713d5734877bd6bd0d71d25b3671dd-slack	1	0	0
.044e99140dcfc3dbc90d8cbb69e7955bccb362e9d8	1	240	1
.044e99140dcfc3dbc90d8cbb69e7955bccb362e9d8-slack	1	0	0
.044ea1b64572c4cc7846bbac873eb4e6ebe44a8233	1	1472792	1
.044ea1b64572c4cc7846bbac873eb4e6ebe44a8233-slack	1	0	0
.044f1adf77f3f10895daa64758a34909c7e65016e0	1	1477608	1
.044f1adf77f3f10895daa64758a34909c7e65016e0-slack	1	0	0
.044f570e3e507d82e442635d4e672609edc63f6580	1	2853836	1
.044f570e3e507d82e442635d4e672609edc63f6580-slack	1	0	0
.044f5d7ab1ddd310d97bc322fca74125cf0fe04eeb	1	51460	1
.044f5d7ab1ddd310d97bc322fca74125cf0fe04eeb-slack	1	0	0
.044fa38a0a682eb77390423d985bec96d454f1da51	1	2361502	1
.044fa38a0a682eb77390423d985bec96d454f1da51-slack	1	0	0
.045048d1dfd6f75a68395de9fe10263fed91521824	1	450	1
.045048d1dfd6f75a68395de9fe10263fed91521824-slack	1	0	0
.04527959afdf92ddd35969899af90468a0a77336d1	1	28493143	1
.04527959afdf92ddd35969899af90468a0a77336d1-slack	1	0	0
.04536b1ba8713d4a1b574cae4b93744e75d06e101f	1	1703485	1
.04536b1ba8713d4a1b574cae4b93744e75d06e101f-slack	1	0	0
.0457d1327a08dda5fbee9e30a265afb43a3b9c6ad4	1	1850996	1
.0457d1327a08dda5fbee9e30a265afb43a3b9c6ad4-slack	1	0	0
.0459616ee3b5a0b1e6a5bc0efb599a25df62f199e9	1	2286374	1
.0459616ee3b5a0b1e6a5bc0efb599a25df62f199e9-slack	1	0	0
.0459f167fa4015c09a171c4135b079e17fca46d922	1	2645267	1
.0459f167fa4015c09a171c4135b079e17fca46d922-slack	1	0	0
.045cd2a29ac3c3f1b31f32dd624428088c77c6d5c0	1	2733913	1
.045cd2a29ac3c3f1b31f32dd624428088c77c6d5c0-slack	1	0	0
.045d60db36d3c28fa22d8b493b25a0b8314edc444b	1	2503176	1
.045d60db36d3c28fa22d8b493b25a0b8314edc444b-slack	1	0	0
.045d823927c14f1fb90a959fc119b2d30a41058727	1	224676	1
.045d823927c14f1fb90a959fc119b2d30a41058727-slack	1	0	0
.045f977695af29a5795789794b6644a06622ef34ac	1	1887989	1
.045f977695af29a5795789794b6644a06622ef34ac-slack	1	0	0
.045ffd3925267e08739b458ea86cd7b0d4b6d297ce	1	252564	1
.045ffd3925267e08739b458ea86cd7b0d4b6d297ce-slack	1	0	0
.0465875005f41998a705710c2125c56abe41aabfb1	1	1248325	1
.0465875005f41998a705710c2125c56abe41aabfb1-slack	1	0	0
.046685b090f6f42aaaab10e04ddb1272a0b2bceef5	1	317093	1
.046685b090f6f42aaaab10e04ddb1272a0b2bceef5-slack	1	0	0
.046786d484203245db229ddf9320c1bde01a284532	1	241185	1
.046786d484203245db229ddf9320c1bde01a284532-slack	1	0	0
.04689857020458a5ac3802e583b1944eae1f541301	1	2347502	1
.04689857020458a5ac3802e583b1944eae1f541301-slack	1	0	0
.046abf6bc4dff14568ec381099931414ba5a360d06	1	3865065	1
.046abf6bc4dff14568ec381099931414ba5a360d06-slack	1	0	0
.046d9cb581f814d505d3cd16b7df462998cdc3fb4c	1	1297412	1
.046d9cb581f814d505d3cd16b7df462998cdc3fb4c-slack	1	0	0
.046daa6606f2a8bade5bdd288cfb7a1c84fc7966ca	1	2117967	1
.046daa6606f2a8bade5bdd288cfb7a1c84fc7966ca-slack	1	0	0
.046df2765b93cc47de07a832ca33d86ec2ce4c1ff2	1	477500	1
.046df2765b93cc47de07a832ca33d86ec2ce4c1ff2-slack	1	0	0
.046e1c7e6c65668fc06160892d82bbcc20e5484bf1	1	92625	1
.046e1c7e6c65668fc06160892d82bbcc20e5484bf1-slack	1	0	0
.046f97fab7daf5a1a8bae91ce4c7f774e2c7bdf3d1	1	311931	1
.046f97fab7daf5a1a8bae91ce4c7f774e2c7bdf3d1-slack	1	0	0
.046fea8df6257d4a6d275f5a5a6d9a22b4a27effb8	1	73796	1
.046fea8df6257d4a6d275f5a5a6d9a22b4a27effb8-slack	1	0	0
.0471983cdc50a8df3cd262f69daf18e9800fb8514b	1	537319	1
.0471983cdc50a8df3cd262f69daf18e9800fb8514b-slack	1	0	0
.047299752aeb061f95ae5bb73af2e20e73fb62212b	1	1747751	1
.047299752aeb061f95ae5bb73af2e20e73fb62212b-slack	1	0	0
.0472dcc25748381344a16a3a36279fd6d57419a925	1	148267	1
.0472dcc25748381344a16a3a36279fd6d57419a925-slack	1	0	0
.04731b76293a4ce82b51f5c9f076bf6ac9421b6a7c	1	3865265	1
.04731b76293a4ce82b51f5c9f076bf6ac9421b6a7c-slack	1	0	0
.04749a40f92b1dd07b6cee04b19e768a739b2b97ee	1	2935582	1
.04749a40f92b1dd07b6cee04b19e768a739b2b97ee-slack	1	0	0
.0474a070017ba6364c6e2a13c943ff54f052a1edf4	1	2076323	1
.0474a070017ba6364c6e2a13c943ff54f052a1edf4-slack	1	0	0
.0474fcf715c94fa947623f0f226202fb441144b99a	1	1072905	1
.0474fcf715c94fa947623f0f226202fb441144b99a-slack	1	0	0
.0475b01f4d59bf1faacde12b51cb18ddef0d2e064e	1	1594412	1
.0475b01f4d59bf1faacde12b51cb18ddef0d2e064e-slack	1	0	0
.0475cdb251eeadf983f201deda8d1fd2b49b844b81	1	1320646	1
.0475cdb251eeadf983f201deda8d1fd2b49b844b81-slack	1	0	0
.047e241fd984a0d59450f0b0988c827d90989970a3	1	1378109	1
.047e241fd984a0d59450f0b0988c827d90989970a3-slack	1	0	0
.047e7cd5d4286dadfc7bf4f0fdfb8b1e4efdcc6a56	1	419645	1
.047e7cd5d4286dadfc7bf4f0fdfb8b1e4efdcc6a56-slack	1	0	0
.047efd1f0be4de4c27de42ee15111728c640336143	1	1153556	1
.047efd1f0be4de4c27de42ee15111728c640336143-slack	1	0	0
.047f155865ab32862701bf446124f943ba124f69cc	1	5230756	1
.047f155865ab32862701bf446124f943ba124f69cc-slack	1	0	0
.0481019b9e7e20bcc08956cb91530a9e46d206461d	1	2640958	1
.0481019b9e7e20bcc08956cb91530a9e46d206461d-slack	1	0	0
.0481a8bc8446813a3cc692d43487d8252d0b14a96e	1	465158	1
.0481a8bc8446813a3cc692d43487d8252d0b14a96e-slack	1	0	0
.0482ac33f37f2e786b7740c721409427aca9011d40	1	1901553	1
.0482ac33f37f2e786b7740c721409427aca9011d40-slack	1	0	0
.0483a346184e063947ab7df36e09369a72af66f00e	1	2137789	1
.0483a346184e063947ab7df36e09369a72af66f00e-slack	1	0	0
.0483d6f6f656ab64e6703b22d8d1a4ac5317818f14	1	7443759	1
.0483d6f6f656ab64e6703b22d8d1a4ac5317818f14-slack	1	0	0
.048495ce3dab575c04bd51a12ea1462fda41983f9c	1	193099	1
.048495ce3dab575c04bd51a12ea1462fda41983f9c-slack	1	0	0
.0484f1b4a47415606a66e3d7bd2357cc33a7a94e94	1	132661	1
.0484f1b4a47415606a66e3d7bd2357cc33a7a94e94-slack	1	0	0
.0485d6499d90ea9fc460e02e7e9ac1761dfb00b93c	1	145999	1
.0485d6499d90ea9fc460e02e7e9ac1761dfb00b93c-slack	1	0	0
.048625fded76839d678531e45f31251bdf1640f3fd	1	1915467	1
.048625fded76839d678531e45f31251bdf1640f3fd-slack	1	0	0
.04866b06538027a10932f6e6113af1c33056572ab9	1	860548	1
.04866b06538027a10932f6e6113af1c33056572ab9-slack	1	0	0
.0487870be3819d9e5339202e1eb7617165094f8763	1	1898646	1
.0487870be3819d9e5339202e1eb7617165094f8763-slack	1	0	0
.0489c6cb5bc8610ac23de68476918ddfe7eb718d1f	1	3495563	1
.0489c6cb5bc8610ac23de68476918ddfe7eb718d1f-slack	1	0	0
.048a048701132ed99ad6398f82bf68980a46040b76	1	327853	1
.048a048701132ed99ad6398f82bf68980a46040b76-slack	1	0	0
.048a5ac5a523186bc3ccdeccd5e33ee468a0aa8135	1	3036538	1
.048a5ac5a523186bc3ccdeccd5e33ee468a0aa8135-slack	1	0	0
.048c877a81179a3732e86995b25568c9159df2c382	1	238457	1
.048c877a81179a3732e86995b25568c9159df2c382-slack	1	0	0
.048ec397c3fcbfb1dbf50aa13a47dcdda973e4366a	1	825563	1
.048ec397c3fcbfb1dbf50aa13a47dcdda973e4366a-slack	1	0	0
.048ffe0f3e647ef81a3c01a36863f038b9144f2062	1	611135	1
.048ffe0f3e647ef81a3c01a36863f038b9144f2062-slack	1	0	0
.0491ddc2f2c21fbd36eb6b7530b492f18f6797b87c	1	669251	1
.0491ddc2f2c21fbd36eb6b7530b492f18f6797b87c-slack	1	0	0
.0492567065786d53bd9e11154ad11ebcbe2c992263	1	4148875	1
.0492567065786d53bd9e11154ad11ebcbe2c992263-slack	1	0	0
.04936a51d40528a34bfee066f669f00aeba9437f71	1	104609	1
.04936a51d40528a34bfee066f669f00aeba9437f71-slack	1	0	0
.04938c627d1c810be417b7964f897245b0c0154a7a	1	318845	1
.04938c627d1c810be417b7964f897245b0c0154a7a-slack	1	0	0
.04949af4011c1b02e9dff3d70aa3c9ade2490eadc6	1	1803029	1
.04949af4011c1b02e9dff3d70aa3c9ade2490eadc6-slack	1	0	0
.0494a6eea35f67b7966631ac909b1a434ac0b5bd7d	1	1529121	1
.0494a6eea35f67b7966631ac909b1a434ac0b5bd7d-slack	1	0	0
.0497da9e5bedcbf4c293b60742307f84d82286ed82	1	287511	1
.0497da9e5bedcbf4c293b60742307f84d82286ed82-slack	1	0	0
.0497dfd99e50ed6e2d2ce2070e2be3381238c5c357	1	1594969	1
.0497dfd99e50ed6e2d2ce2070e2be3381238c5c357-slack	1	0	0
.0498c35ad2d9743d9bc6d20370ffffd6177aeed79c	1	160557	1
.0498c35ad2d9743d9bc6d20370ffffd6177aeed79c-slack	1	0	0
.049bffaa33748b4253d4cd4466dc1447402ae2af03	1	134280	1
.049bffaa33748b4253d4cd4466dc1447402ae2af03-slack	1	0	0
.049cd0446367de150c68212afda556affa2e9e6e2d	1	2638982	1
.049cd0446367de150c68212afda556affa2e9e6e2d-slack	1	0	0
.049e388e2631b2311b68b9496d365c5dd5e40185d5	1	2012284	1
.049e388e2631b2311b68b9496d365c5dd5e40185d5-slack	1	0	0
.049ec9e14cd5c1b82be97de9afe4047557ebd2e705	1	376966	1
.049ec9e14cd5c1b82be97de9afe4047557ebd2e705-slack	1	0	0
.049fbca555ed095c3a47f89851d5cc7ecc657b82f4	1	238	1
.049fbca555ed095c3a47f89851d5cc7ecc657b82f4-slack	1	0	0
.04a09076ef881f0889c33a0a3277320a7945e613c8	1	41369	1
.04a09076ef881f0889c33a0a3277320a7945e613c8-slack	1	0	0
.04a092329acbb6c9e210ef7346a91569c430a0396a	1	3005932	1
.04a092329acbb6c9e210ef7346a91569c430a0396a-slack	1	0	0
.04a1523d01e324a90287ee79904571fb16ef999e3f	1	2478381	1
.04a1523d01e324a90287ee79904571fb16ef999e3f-slack	1	0	0
.04a180b0de022d2f5ff5f58f31cd511d13cfb9d231	1	272962	1
.04a180b0de022d2f5ff5f58f31cd511d13cfb9d231-slack	1	0	0
.04a4324536075c6637891ec419cfd934219b1f50a3	1	1849493	1
.04a4324536075c6637891ec419cfd934219b1f50a3-slack	1	0	0
.04a63e493854a043a7d9e986b73e55ca820f48daaa	1	208357	1
.04a63e493854a043a7d9e986b73e55ca820f48daaa-slack	1	0	0
.04a7c7ecd2ca2d4df7e230a241cfafa02f68aa78ce	1	3932955	1
.04a7c7ecd2ca2d4df7e230a241cfafa02f68aa78ce-slack	1	0	0
.04a8be1f116989d24f6658ed04d5985e2479e79896	1	693777	1
.04a8be1f116989d24f6658ed04d5985e2479e79896-slack	1	0	0
.04a901639d25c00bd9a3da8fdfa3b6a4c00fbbdecb	1	198575	1
.04a901639d25c00bd9a3da8fdfa3b6a4c00fbbdecb-slack	1	0	0
.04a96e03cff163d63265a1e486806c5d7b5546e0e1	1	1626	1
.04a96e03cff163d63265a1e486806c5d7b5546e0e1-slack	1	0	0
.04aafe7f6dcbffaf4d6dc6c84438a3008b3de84e4c	1	196685	1
.04aafe7f6dcbffaf4d6dc6c84438a3008b3de84e4c-slack	1	0	0
.04ac2495227e910619bf66f2f024a5a1cf9741457b	1	2865447	1
.04ac2495227e910619bf66f2f024a5a1cf9741457b-slack	1	0	0
.04ac7e77f127fcaa097733faf55cf7af44e130a2d7	1	5754684	1
.04ac7e77f127fcaa097733faf55cf7af44e130a2d7-slack	1	0	0
.04acd15ad39a2cbbcf5b34cc9ab4316c4f7a41ad82	1	2606822	1
.04acd15ad39a2cbbcf5b34cc9ab4316c4f7a41ad82-slack	1	0	0
.04ad4822f31bdf279d9f45378db51e6d5530e318d6	1	313328	1
.04ad4822f31bdf279d9f45378db51e6d5530e318d6-slack	1	0	0
.04afb1cff3dd3d230e2c1ee2b902430d821045bd30	1	1694666	1
.04afb1cff3dd3d230e2c1ee2b902430d821045bd30-slack	1	0	0
.04b0b3ad293d1559ea59c95a38f256717207c5cd4e	1	169347	1
.04b0b3ad293d1559ea59c95a38f256717207c5cd4e-slack	1	0	0
.04b375daa5d2d3fc2e8c0703efb5e529e362022050	1	5515301	1
.04b375daa5d2d3fc2e8c0703efb5e529e362022050-slack	1	0	0
.04b3f0e66ec8eaa68d25d84ef267ba0bdfcb28ebfb	1	46578	1
.04b3f0e66ec8eaa68d25d84ef267ba0bdfcb28ebfb-slack	1	0	0
.04b42a04e816bcbf380356ea1569e0b3b7e227e406	1	1986052	1
.04b42a04e816bcbf380356ea1569e0b3b7e227e406-slack	1	0	0
.04b4c9af2ab3cd7651cd54a74ee697080017d49d83	1	3692211	1
.04b4c9af2ab3cd7651cd54a74ee697080017d49d83-slack	1	0	0
.04b6899b3cf2b33cb03a0a63965439206fa7803fc0	1	1037876	1
.04b6899b3cf2b33cb03a0a63965439206fa7803fc0-slack	1	0	0
.04b72bd955234abb3277fe30bb2076aeaf6d277d6e	1	168145	1
.04b72bd955234abb3277fe30bb2076aeaf6d277d6e-slack	1	0	0
.04b868c574a5ec4e11120b8e278356b3614e537d00	1	3251364	1
.04b868c574a5ec4e11120b8e278356b3614e537d00-slack	1	0	0
.04b96fe8e4921529262db9fb81a0b4006297625c06	1	1990569	1
.04b96fe8e4921529262db9fb81a0b4006297625c06-slack	1	0	0
.04ba4867ab2fcebbef3a1e6fe6dc3fd605bb65581b	1	3409206	1
.04ba4867ab2fcebbef3a1e6fe6dc3fd605bb65581b-slack	1	0	0
.04bacd9980f608754b51e8331ef5804305aca5c4b5	1	740823	1
.04bacd9980f608754b51e8331ef5804305aca5c4b5-slack	1	0	0
.04bbcc5013eec6be0c356cb2bdb542e4b749170e58	1	1520661	1
.04bbcc5013eec6be0c356cb2bdb542e4b749170e58-slack	1	0	0
.04bc099d5ecec2e210c4933009025dbf5ed8743188	1	356210	1
.04bc099d5ecec2e210c4933009025dbf5ed8743188-slack	1	0	0
.04bf331de8b67e6687eb6f81a14e760ddd6910f340	1	412944	1
.04bf331de8b67e6687eb6f81a14e760ddd6910f340-slack	1	0	0
.04bf4f73ea5613db58468489825ada3d9e53d0e5d7	1	2283595	1
.04bf4f73ea5613db58468489825ada3d9e53d0e5d7-slack	1	0	0
.04c11512cd1fe27131a12203f6839aadc85a185550	1	1616291	1
.04c11512cd1fe27131a12203f6839aadc85a185550-slack	1	0	0
.04c331d6c66260af35d4313be5405798358ffd4d3c	1	2281738	1
.04c331d6c66260af35d4313be5405798358ffd4d3c-slack	1	0	0
.04c4658085293a318417250e49ff09cc5c9145afa7	1	1995903	1
.04c4658085293a318417250e49ff09cc5c9145afa7-slack	1	0	0
